WARNING - 2026-05-12 06:22:14 --> [DEPRECATED] Passing lowercase HTTP method "get" is deprecated. Use uppercase HTTP method like "GET". in SYSTEMPATH/Router/RouteCollection.php on line 1026.
 1 SYSTEMPATH/Router/RouteCollection.php(1026): trigger_error('Passing lowercase HTTP method "get" is deprecated. Use uppercase HTTP method like "GET".', 16384)
 2 APPPATH/Config/Routes.php(12): CodeIgniter\Router\RouteCollection->match([...], 'objectifs/choose', 'ObjectifController::choose', [...])
 3 SYSTEMPATH/Router/RouteCollection.php(339): require('/opt/lampp/htdocs/S4/SysInf/ITU-S4-P18-PROJET-main/app/Config/Routes.php')
 4 SYSTEMPATH/CLI/Console.php(41): CodeIgniter\Router\RouteCollection->loadRoutes()
 5 SYSTEMPATH/Boot.php(442): CodeIgniter\CLI\Console->run()
 6 SYSTEMPATH/Boot.php(166): CodeIgniter\Boot::runCommand(Object(CodeIgniter\CLI\Console))
 7 ROOTPATH/spark(87): CodeIgniter\Boot::bootSpark(Object(Config\Paths))
WARNING - 2026-05-12 06:22:14 --> [DEPRECATED] Passing lowercase HTTP method "post" is deprecated. Use uppercase HTTP method like "POST". in SYSTEMPATH/Router/RouteCollection.php on line 1026.
 1 SYSTEMPATH/Router/RouteCollection.php(1026): trigger_error('Passing lowercase HTTP method "post" is deprecated. Use uppercase HTTP method like "POST".', 16384)
 2 APPPATH/Config/Routes.php(12): CodeIgniter\Router\RouteCollection->match([...], 'objectifs/choose', 'ObjectifController::choose', [...])
 3 SYSTEMPATH/Router/RouteCollection.php(339): require('/opt/lampp/htdocs/S4/SysInf/ITU-S4-P18-PROJET-main/app/Config/Routes.php')
 4 SYSTEMPATH/CLI/Console.php(41): CodeIgniter\Router\RouteCollection->loadRoutes()
 5 SYSTEMPATH/Boot.php(442): CodeIgniter\CLI\Console->run()
 6 SYSTEMPATH/Boot.php(166): CodeIgniter\Boot::runCommand(Object(CodeIgniter\CLI\Console))
 7 ROOTPATH/spark(87): CodeIgniter\Boot::bootSpark(Object(Config\Paths))
ERROR - 2026-05-12 06:22:14 --> Table 'gestionsante.code_argent_utilisation' doesn't exist
in SYSTEMPATH/Database/MySQLi/Connection.php on line 300.
 1 SYSTEMPATH/Database/MySQLi/Connection.php(300): mysqli->query('ALTER TABLE code_argent_utilisation DROP INDEX code_utilisateur', 0)
 2 SYSTEMPATH/Database/BaseConnection.php(910): CodeIgniter\Database\MySQLi\Connection->execute('ALTER TABLE code_argent_utilisation DROP INDEX code_utilisateur')
 3 SYSTEMPATH/Database/BaseConnection.php(827): CodeIgniter\Database\BaseConnection->simpleQuery('ALTER TABLE code_argent_utilisation DROP INDEX code_utilisateur')
 4 APPPATH/Database/Migrations/2026-05-11-000001_FixCodeArgentUtilisationConstraint.php(27): CodeIgniter\Database\BaseConnection->query('ALTER TABLE code_argent_utilisation DROP INDEX code_utilisateur')
 5 SYSTEMPATH/Database/MigrationRunner.php(1014): App\Database\Migrations\FixCodeArgentUtilisationConstraint->down()
 6 SYSTEMPATH/Database/MigrationRunner.php(323): CodeIgniter\Database\MigrationRunner->migrate('down', Object(stdClass))
 7 SYSTEMPATH/Commands/Database/MigrateRollback.php(105): CodeIgniter\Database\MigrationRunner->regress(0)
 8 SYSTEMPATH/CLI/SignalTrait.php(245): CodeIgniter\Commands\Database\MigrateRollback::CodeIgniter\Commands\Database\{closure}()
 9 SYSTEMPATH/Commands/Database/MigrateRollback.php(104): CodeIgniter\Commands\Database\MigrateRollback->withSignalsBlocked(Object(Closure))
10 SYSTEMPATH/CLI/Commands.php(74): CodeIgniter\Commands\Database\MigrateRollback->run([...])
11 SYSTEMPATH/CLI/BaseCommand.php(119): CodeIgniter\CLI\Commands->run('migrate:rollback', [...])
12 SYSTEMPATH/Commands/Database/MigrateRefresh.php(90): CodeIgniter\CLI\BaseCommand->call('migrate:rollback', [...])
13 SYSTEMPATH/CLI/SignalTrait.php(245): CodeIgniter\Commands\Database\MigrateRefresh->CodeIgniter\Commands\Database\{closure}()
14 SYSTEMPATH/Commands/Database/MigrateRefresh.php(89): CodeIgniter\Commands\Database\MigrateRefresh->withSignalsBlocked(Object(Closure))
15 SYSTEMPATH/CLI/Commands.php(74): CodeIgniter\Commands\Database\MigrateRefresh->run([...])
16 SYSTEMPATH/CLI/Console.php(47): CodeIgniter\CLI\Commands->run('migrate:refresh', [])
17 SYSTEMPATH/Boot.php(442): CodeIgniter\CLI\Console->run()
18 SYSTEMPATH/Boot.php(166): CodeIgniter\Boot::runCommand(Object(CodeIgniter\CLI\Console))
19 ROOTPATH/spark(87): CodeIgniter\Boot::bootSpark(Object(Config\Paths))
WARNING - 2026-05-12 06:22:34 --> [DEPRECATED] Passing lowercase HTTP method "get" is deprecated. Use uppercase HTTP method like "GET". in SYSTEMPATH/Router/RouteCollection.php on line 1026.
 1 SYSTEMPATH/Router/RouteCollection.php(1026): trigger_error('Passing lowercase HTTP method "get" is deprecated. Use uppercase HTTP method like "GET".', 16384)
 2 APPPATH/Config/Routes.php(12): CodeIgniter\Router\RouteCollection->match([...], 'objectifs/choose', 'ObjectifController::choose', [...])
 3 SYSTEMPATH/Router/RouteCollection.php(339): require('/opt/lampp/htdocs/S4/SysInf/ITU-S4-P18-PROJET-main/app/Config/Routes.php')
 4 SYSTEMPATH/CLI/Console.php(41): CodeIgniter\Router\RouteCollection->loadRoutes()
 5 SYSTEMPATH/Boot.php(442): CodeIgniter\CLI\Console->run()
 6 SYSTEMPATH/Boot.php(166): CodeIgniter\Boot::runCommand(Object(CodeIgniter\CLI\Console))
 7 ROOTPATH/spark(87): CodeIgniter\Boot::bootSpark(Object(Config\Paths))
WARNING - 2026-05-12 06:22:34 --> [DEPRECATED] Passing lowercase HTTP method "post" is deprecated. Use uppercase HTTP method like "POST". in SYSTEMPATH/Router/RouteCollection.php on line 1026.
 1 SYSTEMPATH/Router/RouteCollection.php(1026): trigger_error('Passing lowercase HTTP method "post" is deprecated. Use uppercase HTTP method like "POST".', 16384)
 2 APPPATH/Config/Routes.php(12): CodeIgniter\Router\RouteCollection->match([...], 'objectifs/choose', 'ObjectifController::choose', [...])
 3 SYSTEMPATH/Router/RouteCollection.php(339): require('/opt/lampp/htdocs/S4/SysInf/ITU-S4-P18-PROJET-main/app/Config/Routes.php')
 4 SYSTEMPATH/CLI/Console.php(41): CodeIgniter\Router\RouteCollection->loadRoutes()
 5 SYSTEMPATH/Boot.php(442): CodeIgniter\CLI\Console->run()
 6 SYSTEMPATH/Boot.php(166): CodeIgniter\Boot::runCommand(Object(CodeIgniter\CLI\Console))
 7 ROOTPATH/spark(87): CodeIgniter\Boot::bootSpark(Object(Config\Paths))
WARNING - 2026-05-12 06:24:00 --> [DEPRECATED] Passing lowercase HTTP method "get" is deprecated. Use uppercase HTTP method like "GET". in SYSTEMPATH/Router/RouteCollection.php on line 1026.
 1 SYSTEMPATH/Router/RouteCollection.php(1026): trigger_error('Passing lowercase HTTP method "get" is deprecated. Use uppercase HTTP method like "GET".', 16384)
 2 APPPATH/Config/Routes.php(12): CodeIgniter\Router\RouteCollection->match([...], 'objectifs/choose', 'ObjectifController::choose', [...])
 3 SYSTEMPATH/Router/RouteCollection.php(339): require('/opt/lampp/htdocs/S4/SysInf/ITU-S4-P18-PROJET-main/app/Config/Routes.php')
 4 SYSTEMPATH/CLI/Console.php(41): CodeIgniter\Router\RouteCollection->loadRoutes()
 5 SYSTEMPATH/Boot.php(442): CodeIgniter\CLI\Console->run()
 6 SYSTEMPATH/Boot.php(166): CodeIgniter\Boot::runCommand(Object(CodeIgniter\CLI\Console))
 7 ROOTPATH/spark(87): CodeIgniter\Boot::bootSpark(Object(Config\Paths))
WARNING - 2026-05-12 06:24:00 --> [DEPRECATED] Passing lowercase HTTP method "post" is deprecated. Use uppercase HTTP method like "POST". in SYSTEMPATH/Router/RouteCollection.php on line 1026.
 1 SYSTEMPATH/Router/RouteCollection.php(1026): trigger_error('Passing lowercase HTTP method "post" is deprecated. Use uppercase HTTP method like "POST".', 16384)
 2 APPPATH/Config/Routes.php(12): CodeIgniter\Router\RouteCollection->match([...], 'objectifs/choose', 'ObjectifController::choose', [...])
 3 SYSTEMPATH/Router/RouteCollection.php(339): require('/opt/lampp/htdocs/S4/SysInf/ITU-S4-P18-PROJET-main/app/Config/Routes.php')
 4 SYSTEMPATH/CLI/Console.php(41): CodeIgniter\Router\RouteCollection->loadRoutes()
 5 SYSTEMPATH/Boot.php(442): CodeIgniter\CLI\Console->run()
 6 SYSTEMPATH/Boot.php(166): CodeIgniter\Boot::runCommand(Object(CodeIgniter\CLI\Console))
 7 ROOTPATH/spark(87): CodeIgniter\Boot::bootSpark(Object(Config\Paths))
ERROR - 2026-05-12 06:24:00 --> Duplicate entry 'admin@app.com' for key 'email'
in SYSTEMPATH/Database/MySQLi/Connection.php on line 300.
 1 SYSTEMPATH/Database/MySQLi/Connection.php(300): mysqli->query('INSERT INTO `utilisateur` (`date_naissance`, `email`, `est_gold`, `genre`, `id_role`, `mot_de_passe`, `nom`, `poids_actuel`, `solde_monnaie`, `taille`)
VALUES (\'1990-01-01\',\'admin@app.com\',0,\'homme\',1,\'$2y$10$0MbgG5ykCS1deZaFdNBH8O9lS8CYKAICA6j2LbqTySNqEl1Kshhg.\',\'Admin Système\',75,0,1.75), (\'1995-03-12\',\'alice@mail.com\',0,\'femme\',2,\'$2y$10$LPqMTwlpiC6pYO/5.NXTlOHEMejg91VcRaKyd15GOtE44mNBArxbS\',\'Alice Dupont\',72,20,1.65), (\'1988-07-22\',\'bob@mail.com\',1,\'homme\',2,\'$2y$10$LPqMTwlpiC6pYO/5.NXTlOHEMejg91VcRaKyd15GOtE44mNBArxbS\',\'Bob Martin\',95,50,1.8), (\'2000-11-05\',\'clara@mail.com\',0,\'femme\',2,\'$2y$10$LPqMTwlpiC6pYO/5.NXTlOHEMejg91VcRaKyd15GOtE44mNBArxbS\',\'Clara Rabe\',50,10,1.6), (\'1992-06-18\',\'david@mail.com\',0,\'homme\',2,\'$2y$10$LPqMTwlpiC6pYO/5.NXTlOHEMejg91VcRaKyd15GOtE44mNBArxbS\',\'David Rakoto\',85,0,1.78), (\'1998-09-30\',\'eva@mail.com\',0,\'femme\',2,\'$2y$10$LPqMTwlpiC6pYO/5.NXTlOHEMejg91VcRaKyd15GOtE44mNBArxbS\',\'Eva Rasolofo\',60,30,1.7)', 0)
 2 SYSTEMPATH/Database/BaseConnection.php(910): CodeIgniter\Database\MySQLi\Connection->execute('INSERT INTO `utilisateur` (`date_naissance`, `email`, `est_gold`, `genre`, `id_role`, `mot_de_passe`, `nom`, `poids_actuel`, `solde_monnaie`, `taille`)
VALUES (\'1990-01-01\',\'admin@app.com\',0,\'homme\',1,\'$2y$10$0MbgG5ykCS1deZaFdNBH8O9lS8CYKAICA6j2LbqTySNqEl1Kshhg.\',\'Admin Système\',75,0,1.75), (\'1995-03-12\',\'alice@mail.com\',0,\'femme\',2,\'$2y$10$LPqMTwlpiC6pYO/5.NXTlOHEMejg91VcRaKyd15GOtE44mNBArxbS\',\'Alice Dupont\',72,20,1.65), (\'1988-07-22\',\'bob@mail.com\',1,\'homme\',2,\'$2y$10$LPqMTwlpiC6pYO/5.NXTlOHEMejg91VcRaKyd15GOtE44mNBArxbS\',\'Bob Martin\',95,50,1.8), (\'2000-11-05\',\'clara@mail.com\',0,\'femme\',2,\'$2y$10$LPqMTwlpiC6pYO/5.NXTlOHEMejg91VcRaKyd15GOtE44mNBArxbS\',\'Clara Rabe\',50,10,1.6), (\'1992-06-18\',\'david@mail.com\',0,\'homme\',2,\'$2y$10$LPqMTwlpiC6pYO/5.NXTlOHEMejg91VcRaKyd15GOtE44mNBArxbS\',\'David Rakoto\',85,0,1.78), (\'1998-09-30\',\'eva@mail.com\',0,\'femme\',2,\'$2y$10$LPqMTwlpiC6pYO/5.NXTlOHEMejg91VcRaKyd15GOtE44mNBArxbS\',\'Eva Rasolofo\',60,30,1.7)')
 3 SYSTEMPATH/Database/BaseConnection.php(827): CodeIgniter\Database\BaseConnection->simpleQuery('INSERT INTO `utilisateur` (`date_naissance`, `email`, `est_gold`, `genre`, `id_role`, `mot_de_passe`, `nom`, `poids_actuel`, `solde_monnaie`, `taille`)
VALUES (\'1990-01-01\',\'admin@app.com\',0,\'homme\',1,\'$2y$10$0MbgG5ykCS1deZaFdNBH8O9lS8CYKAICA6j2LbqTySNqEl1Kshhg.\',\'Admin Système\',75,0,1.75), (\'1995-03-12\',\'alice@mail.com\',0,\'femme\',2,\'$2y$10$LPqMTwlpiC6pYO/5.NXTlOHEMejg91VcRaKyd15GOtE44mNBArxbS\',\'Alice Dupont\',72,20,1.65), (\'1988-07-22\',\'bob@mail.com\',1,\'homme\',2,\'$2y$10$LPqMTwlpiC6pYO/5.NXTlOHEMejg91VcRaKyd15GOtE44mNBArxbS\',\'Bob Martin\',95,50,1.8), (\'2000-11-05\',\'clara@mail.com\',0,\'femme\',2,\'$2y$10$LPqMTwlpiC6pYO/5.NXTlOHEMejg91VcRaKyd15GOtE44mNBArxbS\',\'Clara Rabe\',50,10,1.6), (\'1992-06-18\',\'david@mail.com\',0,\'homme\',2,\'$2y$10$LPqMTwlpiC6pYO/5.NXTlOHEMejg91VcRaKyd15GOtE44mNBArxbS\',\'David Rakoto\',85,0,1.78), (\'1998-09-30\',\'eva@mail.com\',0,\'femme\',2,\'$2y$10$LPqMTwlpiC6pYO/5.NXTlOHEMejg91VcRaKyd15GOtE44mNBArxbS\',\'Eva Rasolofo\',60,30,1.7)')
 4 SYSTEMPATH/Database/BaseBuilder.php(1841): CodeIgniter\Database\BaseConnection->query('INSERT INTO `utilisateur` (`date_naissance`, `email`, `est_gold`, `genre`, `id_role`, `mot_de_passe`, `nom`, `poids_actuel`, `solde_monnaie`, `taille`)
VALUES (\'1990-01-01\',\'admin@app.com\',0,\'homme\',1,\'$2y$10$0MbgG5ykCS1deZaFdNBH8O9lS8CYKAICA6j2LbqTySNqEl1Kshhg.\',\'Admin Système\',75,0,1.75), (\'1995-03-12\',\'alice@mail.com\',0,\'femme\',2,\'$2y$10$LPqMTwlpiC6pYO/5.NXTlOHEMejg91VcRaKyd15GOtE44mNBArxbS\',\'Alice Dupont\',72,20,1.65), (\'1988-07-22\',\'bob@mail.com\',1,\'homme\',2,\'$2y$10$LPqMTwlpiC6pYO/5.NXTlOHEMejg91VcRaKyd15GOtE44mNBArxbS\',\'Bob Martin\',95,50,1.8), (\'2000-11-05\',\'clara@mail.com\',0,\'femme\',2,\'$2y$10$LPqMTwlpiC6pYO/5.NXTlOHEMejg91VcRaKyd15GOtE44mNBArxbS\',\'Clara Rabe\',50,10,1.6), (\'1992-06-18\',\'david@mail.com\',0,\'homme\',2,\'$2y$10$LPqMTwlpiC6pYO/5.NXTlOHEMejg91VcRaKyd15GOtE44mNBArxbS\',\'David Rakoto\',85,0,1.78), (\'1998-09-30\',\'eva@mail.com\',0,\'femme\',2,\'$2y$10$LPqMTwlpiC6pYO/5.NXTlOHEMejg91VcRaKyd15GOtE44mNBArxbS\',\'Eva Rasolofo\',60,30,1.7)', null, false)
 5 SYSTEMPATH/Database/BaseBuilder.php(2230): CodeIgniter\Database\BaseBuilder->batchExecute('_insertBatch', 100)
 6 APPPATH/Database/Seeds/UtilisateurSeeder.php(87): CodeIgniter\Database\BaseBuilder->insertBatch([...])
 7 SYSTEMPATH/Database/Seeder.php(155): App\Database\Seeds\UtilisateurSeeder->run()
 8 APPPATH/Database/Seeds/DatabaseSeeder.php(14): CodeIgniter\Database\Seeder->call('App\\Database\\Seeds\\UtilisateurSeeder')
 9 SYSTEMPATH/Database/Seeder.php(155): App\Database\Seeds\DatabaseSeeder->run()
10 SYSTEMPATH/Commands/Database/Seed.php(79): CodeIgniter\Database\Seeder->call('App\\Database\\Seeds\\DatabaseSeeder')
11 SYSTEMPATH/CLI/Commands.php(74): CodeIgniter\Commands\Database\Seed->run([])
12 SYSTEMPATH/CLI/Console.php(47): CodeIgniter\CLI\Commands->run('db:seed', [...])
13 SYSTEMPATH/Boot.php(442): CodeIgniter\CLI\Console->run()
14 SYSTEMPATH/Boot.php(166): CodeIgniter\Boot::runCommand(Object(CodeIgniter\CLI\Console))
15 ROOTPATH/spark(87): CodeIgniter\Boot::bootSpark(Object(Config\Paths))
WARNING - 2026-05-12 06:24:46 --> [DEPRECATED] Passing lowercase HTTP method "get" is deprecated. Use uppercase HTTP method like "GET". in SYSTEMPATH/Router/RouteCollection.php on line 1026.
 1 SYSTEMPATH/Router/RouteCollection.php(1026): trigger_error('Passing lowercase HTTP method "get" is deprecated. Use uppercase HTTP method like "GET".', 16384)
 2 APPPATH/Config/Routes.php(12): CodeIgniter\Router\RouteCollection->match([...], 'objectifs/choose', 'ObjectifController::choose', [...])
 3 SYSTEMPATH/Router/RouteCollection.php(339): require('/opt/lampp/htdocs/S4/SysInf/ITU-S4-P18-PROJET-main/app/Config/Routes.php')
 4 SYSTEMPATH/CLI/Console.php(41): CodeIgniter\Router\RouteCollection->loadRoutes()
 5 SYSTEMPATH/Boot.php(442): CodeIgniter\CLI\Console->run()
 6 SYSTEMPATH/Boot.php(166): CodeIgniter\Boot::runCommand(Object(CodeIgniter\CLI\Console))
 7 ROOTPATH/spark(87): CodeIgniter\Boot::bootSpark(Object(Config\Paths))
WARNING - 2026-05-12 06:24:46 --> [DEPRECATED] Passing lowercase HTTP method "post" is deprecated. Use uppercase HTTP method like "POST". in SYSTEMPATH/Router/RouteCollection.php on line 1026.
 1 SYSTEMPATH/Router/RouteCollection.php(1026): trigger_error('Passing lowercase HTTP method "post" is deprecated. Use uppercase HTTP method like "POST".', 16384)
 2 APPPATH/Config/Routes.php(12): CodeIgniter\Router\RouteCollection->match([...], 'objectifs/choose', 'ObjectifController::choose', [...])
 3 SYSTEMPATH/Router/RouteCollection.php(339): require('/opt/lampp/htdocs/S4/SysInf/ITU-S4-P18-PROJET-main/app/Config/Routes.php')
 4 SYSTEMPATH/CLI/Console.php(41): CodeIgniter\Router\RouteCollection->loadRoutes()
 5 SYSTEMPATH/Boot.php(442): CodeIgniter\CLI\Console->run()
 6 SYSTEMPATH/Boot.php(166): CodeIgniter\Boot::runCommand(Object(CodeIgniter\CLI\Console))
 7 ROOTPATH/spark(87): CodeIgniter\Boot::bootSpark(Object(Config\Paths))
WARNING - 2026-05-12 06:24:50 --> [DEPRECATED] Passing lowercase HTTP method "get" is deprecated. Use uppercase HTTP method like "GET". in SYSTEMPATH/Router/RouteCollection.php on line 1026.
 1 SYSTEMPATH/Router/RouteCollection.php(1026): trigger_error('Passing lowercase HTTP method "get" is deprecated. Use uppercase HTTP method like "GET".', 16384)
 2 APPPATH/Config/Routes.php(12): CodeIgniter\Router\RouteCollection->match([...], 'objectifs/choose', 'ObjectifController::choose', [...])
 3 SYSTEMPATH/Router/RouteCollection.php(339): require('/opt/lampp/htdocs/S4/SysInf/ITU-S4-P18-PROJET-main/app/Config/Routes.php')
 4 SYSTEMPATH/CodeIgniter.php(818): CodeIgniter\Router\RouteCollection->loadRoutes()
 5 SYSTEMPATH/CodeIgniter.php(441): CodeIgniter\CodeIgniter->tryToRouteIt(null)
 6 SYSTEMPATH/CodeIgniter.php(340): CodeIgniter\CodeIgniter->handleRequest(null, Object(Config\Cache), false)
 7 SYSTEMPATH/Boot.php(417): CodeIgniter\CodeIgniter->run()
 8 SYSTEMPATH/Boot.php(68): CodeIgniter\Boot::runCodeIgniter(Object(CodeIgniter\CodeIgniter))
 9 FCPATH/index.php(59): CodeIgniter\Boot::bootWeb(Object(Config\Paths))
10 SYSTEMPATH/rewrite.php(44): require_once('/opt/lampp/htdocs/S4/SysInf/ITU-S4-P18-PROJET-main/public/index.php')
WARNING - 2026-05-12 06:24:50 --> [DEPRECATED] Passing lowercase HTTP method "post" is deprecated. Use uppercase HTTP method like "POST". in SYSTEMPATH/Router/RouteCollection.php on line 1026.
 1 SYSTEMPATH/Router/RouteCollection.php(1026): trigger_error('Passing lowercase HTTP method "post" is deprecated. Use uppercase HTTP method like "POST".', 16384)
 2 APPPATH/Config/Routes.php(12): CodeIgniter\Router\RouteCollection->match([...], 'objectifs/choose', 'ObjectifController::choose', [...])
 3 SYSTEMPATH/Router/RouteCollection.php(339): require('/opt/lampp/htdocs/S4/SysInf/ITU-S4-P18-PROJET-main/app/Config/Routes.php')
 4 SYSTEMPATH/CodeIgniter.php(818): CodeIgniter\Router\RouteCollection->loadRoutes()
 5 SYSTEMPATH/CodeIgniter.php(441): CodeIgniter\CodeIgniter->tryToRouteIt(null)
 6 SYSTEMPATH/CodeIgniter.php(340): CodeIgniter\CodeIgniter->handleRequest(null, Object(Config\Cache), false)
 7 SYSTEMPATH/Boot.php(417): CodeIgniter\CodeIgniter->run()
 8 SYSTEMPATH/Boot.php(68): CodeIgniter\Boot::runCodeIgniter(Object(CodeIgniter\CodeIgniter))
 9 FCPATH/index.php(59): CodeIgniter\Boot::bootWeb(Object(Config\Paths))
10 SYSTEMPATH/rewrite.php(44): require_once('/opt/lampp/htdocs/S4/SysInf/ITU-S4-P18-PROJET-main/public/index.php')
DEBUG - 2026-05-12 06:24:50 --> Session: Class initialized using 'CodeIgniter\Session\Handlers\FileHandler' driver.
WARNING - 2026-05-12 06:24:50 --> [DEPRECATED] Passing lowercase HTTP method "get" is deprecated. Use uppercase HTTP method like "GET". in SYSTEMPATH/Router/RouteCollection.php on line 1026.
 1 SYSTEMPATH/Router/RouteCollection.php(1026): trigger_error('Passing lowercase HTTP method "get" is deprecated. Use uppercase HTTP method like "GET".', 16384)
 2 APPPATH/Config/Routes.php(12): CodeIgniter\Router\RouteCollection->match([...], 'objectifs/choose', 'ObjectifController::choose', [...])
 3 SYSTEMPATH/Router/RouteCollection.php(339): require('/opt/lampp/htdocs/S4/SysInf/ITU-S4-P18-PROJET-main/app/Config/Routes.php')
 4 SYSTEMPATH/CodeIgniter.php(818): CodeIgniter\Router\RouteCollection->loadRoutes()
 5 SYSTEMPATH/CodeIgniter.php(441): CodeIgniter\CodeIgniter->tryToRouteIt(null)
 6 SYSTEMPATH/CodeIgniter.php(340): CodeIgniter\CodeIgniter->handleRequest(null, Object(Config\Cache), false)
 7 SYSTEMPATH/Boot.php(417): CodeIgniter\CodeIgniter->run()
 8 SYSTEMPATH/Boot.php(68): CodeIgniter\Boot::runCodeIgniter(Object(CodeIgniter\CodeIgniter))
 9 FCPATH/index.php(59): CodeIgniter\Boot::bootWeb(Object(Config\Paths))
10 SYSTEMPATH/rewrite.php(44): require_once('/opt/lampp/htdocs/S4/SysInf/ITU-S4-P18-PROJET-main/public/index.php')
WARNING - 2026-05-12 06:24:50 --> [DEPRECATED] Passing lowercase HTTP method "post" is deprecated. Use uppercase HTTP method like "POST". in SYSTEMPATH/Router/RouteCollection.php on line 1026.
 1 SYSTEMPATH/Router/RouteCollection.php(1026): trigger_error('Passing lowercase HTTP method "post" is deprecated. Use uppercase HTTP method like "POST".', 16384)
 2 APPPATH/Config/Routes.php(12): CodeIgniter\Router\RouteCollection->match([...], 'objectifs/choose', 'ObjectifController::choose', [...])
 3 SYSTEMPATH/Router/RouteCollection.php(339): require('/opt/lampp/htdocs/S4/SysInf/ITU-S4-P18-PROJET-main/app/Config/Routes.php')
 4 SYSTEMPATH/CodeIgniter.php(818): CodeIgniter\Router\RouteCollection->loadRoutes()
 5 SYSTEMPATH/CodeIgniter.php(441): CodeIgniter\CodeIgniter->tryToRouteIt(null)
 6 SYSTEMPATH/CodeIgniter.php(340): CodeIgniter\CodeIgniter->handleRequest(null, Object(Config\Cache), false)
 7 SYSTEMPATH/Boot.php(417): CodeIgniter\CodeIgniter->run()
 8 SYSTEMPATH/Boot.php(68): CodeIgniter\Boot::runCodeIgniter(Object(CodeIgniter\CodeIgniter))
 9 FCPATH/index.php(59): CodeIgniter\Boot::bootWeb(Object(Config\Paths))
10 SYSTEMPATH/rewrite.php(44): require_once('/opt/lampp/htdocs/S4/SysInf/ITU-S4-P18-PROJET-main/public/index.php')
WARNING - 2026-05-12 06:24:52 --> [DEPRECATED] Passing lowercase HTTP method "get" is deprecated. Use uppercase HTTP method like "GET". in SYSTEMPATH/Router/RouteCollection.php on line 1026.
 1 SYSTEMPATH/Router/RouteCollection.php(1026): trigger_error('Passing lowercase HTTP method "get" is deprecated. Use uppercase HTTP method like "GET".', 16384)
 2 APPPATH/Config/Routes.php(12): CodeIgniter\Router\RouteCollection->match([...], 'objectifs/choose', 'ObjectifController::choose', [...])
 3 SYSTEMPATH/Router/RouteCollection.php(339): require('/opt/lampp/htdocs/S4/SysInf/ITU-S4-P18-PROJET-main/app/Config/Routes.php')
 4 SYSTEMPATH/CodeIgniter.php(818): CodeIgniter\Router\RouteCollection->loadRoutes()
 5 SYSTEMPATH/CodeIgniter.php(441): CodeIgniter\CodeIgniter->tryToRouteIt(null)
 6 SYSTEMPATH/CodeIgniter.php(340): CodeIgniter\CodeIgniter->handleRequest(null, Object(Config\Cache), false)
 7 SYSTEMPATH/Boot.php(417): CodeIgniter\CodeIgniter->run()
 8 SYSTEMPATH/Boot.php(68): CodeIgniter\Boot::runCodeIgniter(Object(CodeIgniter\CodeIgniter))
 9 FCPATH/index.php(59): CodeIgniter\Boot::bootWeb(Object(Config\Paths))
10 SYSTEMPATH/rewrite.php(44): require_once('/opt/lampp/htdocs/S4/SysInf/ITU-S4-P18-PROJET-main/public/index.php')
WARNING - 2026-05-12 06:24:52 --> [DEPRECATED] Passing lowercase HTTP method "post" is deprecated. Use uppercase HTTP method like "POST". in SYSTEMPATH/Router/RouteCollection.php on line 1026.
 1 SYSTEMPATH/Router/RouteCollection.php(1026): trigger_error('Passing lowercase HTTP method "post" is deprecated. Use uppercase HTTP method like "POST".', 16384)
 2 APPPATH/Config/Routes.php(12): CodeIgniter\Router\RouteCollection->match([...], 'objectifs/choose', 'ObjectifController::choose', [...])
 3 SYSTEMPATH/Router/RouteCollection.php(339): require('/opt/lampp/htdocs/S4/SysInf/ITU-S4-P18-PROJET-main/app/Config/Routes.php')
 4 SYSTEMPATH/CodeIgniter.php(818): CodeIgniter\Router\RouteCollection->loadRoutes()
 5 SYSTEMPATH/CodeIgniter.php(441): CodeIgniter\CodeIgniter->tryToRouteIt(null)
 6 SYSTEMPATH/CodeIgniter.php(340): CodeIgniter\CodeIgniter->handleRequest(null, Object(Config\Cache), false)
 7 SYSTEMPATH/Boot.php(417): CodeIgniter\CodeIgniter->run()
 8 SYSTEMPATH/Boot.php(68): CodeIgniter\Boot::runCodeIgniter(Object(CodeIgniter\CodeIgniter))
 9 FCPATH/index.php(59): CodeIgniter\Boot::bootWeb(Object(Config\Paths))
10 SYSTEMPATH/rewrite.php(44): require_once('/opt/lampp/htdocs/S4/SysInf/ITU-S4-P18-PROJET-main/public/index.php')
DEBUG - 2026-05-12 06:24:52 --> Session: Class initialized using 'CodeIgniter\Session\Handlers\FileHandler' driver.
WARNING - 2026-05-12 06:24:52 --> [DEPRECATED] Passing lowercase HTTP method "get" is deprecated. Use uppercase HTTP method like "GET". in SYSTEMPATH/Router/RouteCollection.php on line 1026.
 1 SYSTEMPATH/Router/RouteCollection.php(1026): trigger_error('Passing lowercase HTTP method "get" is deprecated. Use uppercase HTTP method like "GET".', 16384)
 2 APPPATH/Config/Routes.php(12): CodeIgniter\Router\RouteCollection->match([...], 'objectifs/choose', 'ObjectifController::choose', [...])
 3 SYSTEMPATH/Router/RouteCollection.php(339): require('/opt/lampp/htdocs/S4/SysInf/ITU-S4-P18-PROJET-main/app/Config/Routes.php')
 4 SYSTEMPATH/CodeIgniter.php(818): CodeIgniter\Router\RouteCollection->loadRoutes()
 5 SYSTEMPATH/CodeIgniter.php(441): CodeIgniter\CodeIgniter->tryToRouteIt(null)
 6 SYSTEMPATH/CodeIgniter.php(340): CodeIgniter\CodeIgniter->handleRequest(null, Object(Config\Cache), false)
 7 SYSTEMPATH/Boot.php(417): CodeIgniter\CodeIgniter->run()
 8 SYSTEMPATH/Boot.php(68): CodeIgniter\Boot::runCodeIgniter(Object(CodeIgniter\CodeIgniter))
 9 FCPATH/index.php(59): CodeIgniter\Boot::bootWeb(Object(Config\Paths))
10 SYSTEMPATH/rewrite.php(44): require_once('/opt/lampp/htdocs/S4/SysInf/ITU-S4-P18-PROJET-main/public/index.php')
WARNING - 2026-05-12 06:24:52 --> [DEPRECATED] Passing lowercase HTTP method "post" is deprecated. Use uppercase HTTP method like "POST". in SYSTEMPATH/Router/RouteCollection.php on line 1026.
 1 SYSTEMPATH/Router/RouteCollection.php(1026): trigger_error('Passing lowercase HTTP method "post" is deprecated. Use uppercase HTTP method like "POST".', 16384)
 2 APPPATH/Config/Routes.php(12): CodeIgniter\Router\RouteCollection->match([...], 'objectifs/choose', 'ObjectifController::choose', [...])
 3 SYSTEMPATH/Router/RouteCollection.php(339): require('/opt/lampp/htdocs/S4/SysInf/ITU-S4-P18-PROJET-main/app/Config/Routes.php')
 4 SYSTEMPATH/CodeIgniter.php(818): CodeIgniter\Router\RouteCollection->loadRoutes()
 5 SYSTEMPATH/CodeIgniter.php(441): CodeIgniter\CodeIgniter->tryToRouteIt(null)
 6 SYSTEMPATH/CodeIgniter.php(340): CodeIgniter\CodeIgniter->handleRequest(null, Object(Config\Cache), false)
 7 SYSTEMPATH/Boot.php(417): CodeIgniter\CodeIgniter->run()
 8 SYSTEMPATH/Boot.php(68): CodeIgniter\Boot::runCodeIgniter(Object(CodeIgniter\CodeIgniter))
 9 FCPATH/index.php(59): CodeIgniter\Boot::bootWeb(Object(Config\Paths))
10 SYSTEMPATH/rewrite.php(44): require_once('/opt/lampp/htdocs/S4/SysInf/ITU-S4-P18-PROJET-main/public/index.php')
DEBUG - 2026-05-12 06:24:52 --> Session: Class initialized using 'CodeIgniter\Session\Handlers\FileHandler' driver.
WARNING - 2026-05-12 06:24:52 --> [DEPRECATED] Passing lowercase HTTP method "get" is deprecated. Use uppercase HTTP method like "GET". in SYSTEMPATH/Router/RouteCollection.php on line 1026.
 1 SYSTEMPATH/Router/RouteCollection.php(1026): trigger_error('Passing lowercase HTTP method "get" is deprecated. Use uppercase HTTP method like "GET".', 16384)
 2 APPPATH/Config/Routes.php(12): CodeIgniter\Router\RouteCollection->match([...], 'objectifs/choose', 'ObjectifController::choose', [...])
 3 SYSTEMPATH/Router/RouteCollection.php(339): require('/opt/lampp/htdocs/S4/SysInf/ITU-S4-P18-PROJET-main/app/Config/Routes.php')
 4 SYSTEMPATH/CodeIgniter.php(818): CodeIgniter\Router\RouteCollection->loadRoutes()
 5 SYSTEMPATH/CodeIgniter.php(441): CodeIgniter\CodeIgniter->tryToRouteIt(null)
 6 SYSTEMPATH/CodeIgniter.php(340): CodeIgniter\CodeIgniter->handleRequest(null, Object(Config\Cache), false)
 7 SYSTEMPATH/Boot.php(417): CodeIgniter\CodeIgniter->run()
 8 SYSTEMPATH/Boot.php(68): CodeIgniter\Boot::runCodeIgniter(Object(CodeIgniter\CodeIgniter))
 9 FCPATH/index.php(59): CodeIgniter\Boot::bootWeb(Object(Config\Paths))
10 SYSTEMPATH/rewrite.php(44): require_once('/opt/lampp/htdocs/S4/SysInf/ITU-S4-P18-PROJET-main/public/index.php')
WARNING - 2026-05-12 06:24:52 --> [DEPRECATED] Passing lowercase HTTP method "post" is deprecated. Use uppercase HTTP method like "POST". in SYSTEMPATH/Router/RouteCollection.php on line 1026.
 1 SYSTEMPATH/Router/RouteCollection.php(1026): trigger_error('Passing lowercase HTTP method "post" is deprecated. Use uppercase HTTP method like "POST".', 16384)
 2 APPPATH/Config/Routes.php(12): CodeIgniter\Router\RouteCollection->match([...], 'objectifs/choose', 'ObjectifController::choose', [...])
 3 SYSTEMPATH/Router/RouteCollection.php(339): require('/opt/lampp/htdocs/S4/SysInf/ITU-S4-P18-PROJET-main/app/Config/Routes.php')
 4 SYSTEMPATH/CodeIgniter.php(818): CodeIgniter\Router\RouteCollection->loadRoutes()
 5 SYSTEMPATH/CodeIgniter.php(441): CodeIgniter\CodeIgniter->tryToRouteIt(null)
 6 SYSTEMPATH/CodeIgniter.php(340): CodeIgniter\CodeIgniter->handleRequest(null, Object(Config\Cache), false)
 7 SYSTEMPATH/Boot.php(417): CodeIgniter\CodeIgniter->run()
 8 SYSTEMPATH/Boot.php(68): CodeIgniter\Boot::runCodeIgniter(Object(CodeIgniter\CodeIgniter))
 9 FCPATH/index.php(59): CodeIgniter\Boot::bootWeb(Object(Config\Paths))
10 SYSTEMPATH/rewrite.php(44): require_once('/opt/lampp/htdocs/S4/SysInf/ITU-S4-P18-PROJET-main/public/index.php')
DEBUG - 2026-05-12 06:24:52 --> Session: Class initialized using 'CodeIgniter\Session\Handlers\FileHandler' driver.
WARNING - 2026-05-12 06:24:54 --> [DEPRECATED] Passing lowercase HTTP method "get" is deprecated. Use uppercase HTTP method like "GET". in SYSTEMPATH/Router/RouteCollection.php on line 1026.
 1 SYSTEMPATH/Router/RouteCollection.php(1026): trigger_error('Passing lowercase HTTP method "get" is deprecated. Use uppercase HTTP method like "GET".', 16384)
 2 APPPATH/Config/Routes.php(12): CodeIgniter\Router\RouteCollection->match([...], 'objectifs/choose', 'ObjectifController::choose', [...])
 3 SYSTEMPATH/Router/RouteCollection.php(339): require('/opt/lampp/htdocs/S4/SysInf/ITU-S4-P18-PROJET-main/app/Config/Routes.php')
 4 SYSTEMPATH/CodeIgniter.php(818): CodeIgniter\Router\RouteCollection->loadRoutes()
 5 SYSTEMPATH/CodeIgniter.php(441): CodeIgniter\CodeIgniter->tryToRouteIt(null)
 6 SYSTEMPATH/CodeIgniter.php(340): CodeIgniter\CodeIgniter->handleRequest(null, Object(Config\Cache), false)
 7 SYSTEMPATH/Boot.php(417): CodeIgniter\CodeIgniter->run()
 8 SYSTEMPATH/Boot.php(68): CodeIgniter\Boot::runCodeIgniter(Object(CodeIgniter\CodeIgniter))
 9 FCPATH/index.php(59): CodeIgniter\Boot::bootWeb(Object(Config\Paths))
10 SYSTEMPATH/rewrite.php(44): require_once('/opt/lampp/htdocs/S4/SysInf/ITU-S4-P18-PROJET-main/public/index.php')
WARNING - 2026-05-12 06:24:54 --> [DEPRECATED] Passing lowercase HTTP method "post" is deprecated. Use uppercase HTTP method like "POST". in SYSTEMPATH/Router/RouteCollection.php on line 1026.
 1 SYSTEMPATH/Router/RouteCollection.php(1026): trigger_error('Passing lowercase HTTP method "post" is deprecated. Use uppercase HTTP method like "POST".', 16384)
 2 APPPATH/Config/Routes.php(12): CodeIgniter\Router\RouteCollection->match([...], 'objectifs/choose', 'ObjectifController::choose', [...])
 3 SYSTEMPATH/Router/RouteCollection.php(339): require('/opt/lampp/htdocs/S4/SysInf/ITU-S4-P18-PROJET-main/app/Config/Routes.php')
 4 SYSTEMPATH/CodeIgniter.php(818): CodeIgniter\Router\RouteCollection->loadRoutes()
 5 SYSTEMPATH/CodeIgniter.php(441): CodeIgniter\CodeIgniter->tryToRouteIt(null)
 6 SYSTEMPATH/CodeIgniter.php(340): CodeIgniter\CodeIgniter->handleRequest(null, Object(Config\Cache), false)
 7 SYSTEMPATH/Boot.php(417): CodeIgniter\CodeIgniter->run()
 8 SYSTEMPATH/Boot.php(68): CodeIgniter\Boot::runCodeIgniter(Object(CodeIgniter\CodeIgniter))
 9 FCPATH/index.php(59): CodeIgniter\Boot::bootWeb(Object(Config\Paths))
10 SYSTEMPATH/rewrite.php(44): require_once('/opt/lampp/htdocs/S4/SysInf/ITU-S4-P18-PROJET-main/public/index.php')
DEBUG - 2026-05-12 06:24:54 --> Session: Class initialized using 'CodeIgniter\Session\Handlers\FileHandler' driver.
WARNING - 2026-05-12 06:24:54 --> [DEPRECATED] Passing lowercase HTTP method "get" is deprecated. Use uppercase HTTP method like "GET". in SYSTEMPATH/Router/RouteCollection.php on line 1026.
 1 SYSTEMPATH/Router/RouteCollection.php(1026): trigger_error('Passing lowercase HTTP method "get" is deprecated. Use uppercase HTTP method like "GET".', 16384)
 2 APPPATH/Config/Routes.php(12): CodeIgniter\Router\RouteCollection->match([...], 'objectifs/choose', 'ObjectifController::choose', [...])
 3 SYSTEMPATH/Router/RouteCollection.php(339): require('/opt/lampp/htdocs/S4/SysInf/ITU-S4-P18-PROJET-main/app/Config/Routes.php')
 4 SYSTEMPATH/CodeIgniter.php(818): CodeIgniter\Router\RouteCollection->loadRoutes()
 5 SYSTEMPATH/CodeIgniter.php(441): CodeIgniter\CodeIgniter->tryToRouteIt(null)
 6 SYSTEMPATH/CodeIgniter.php(340): CodeIgniter\CodeIgniter->handleRequest(null, Object(Config\Cache), false)
 7 SYSTEMPATH/Boot.php(417): CodeIgniter\CodeIgniter->run()
 8 SYSTEMPATH/Boot.php(68): CodeIgniter\Boot::runCodeIgniter(Object(CodeIgniter\CodeIgniter))
 9 FCPATH/index.php(59): CodeIgniter\Boot::bootWeb(Object(Config\Paths))
10 SYSTEMPATH/rewrite.php(44): require_once('/opt/lampp/htdocs/S4/SysInf/ITU-S4-P18-PROJET-main/public/index.php')
WARNING - 2026-05-12 06:24:54 --> [DEPRECATED] Passing lowercase HTTP method "post" is deprecated. Use uppercase HTTP method like "POST". in SYSTEMPATH/Router/RouteCollection.php on line 1026.
 1 SYSTEMPATH/Router/RouteCollection.php(1026): trigger_error('Passing lowercase HTTP method "post" is deprecated. Use uppercase HTTP method like "POST".', 16384)
 2 APPPATH/Config/Routes.php(12): CodeIgniter\Router\RouteCollection->match([...], 'objectifs/choose', 'ObjectifController::choose', [...])
 3 SYSTEMPATH/Router/RouteCollection.php(339): require('/opt/lampp/htdocs/S4/SysInf/ITU-S4-P18-PROJET-main/app/Config/Routes.php')
 4 SYSTEMPATH/CodeIgniter.php(818): CodeIgniter\Router\RouteCollection->loadRoutes()
 5 SYSTEMPATH/CodeIgniter.php(441): CodeIgniter\CodeIgniter->tryToRouteIt(null)
 6 SYSTEMPATH/CodeIgniter.php(340): CodeIgniter\CodeIgniter->handleRequest(null, Object(Config\Cache), false)
 7 SYSTEMPATH/Boot.php(417): CodeIgniter\CodeIgniter->run()
 8 SYSTEMPATH/Boot.php(68): CodeIgniter\Boot::runCodeIgniter(Object(CodeIgniter\CodeIgniter))
 9 FCPATH/index.php(59): CodeIgniter\Boot::bootWeb(Object(Config\Paths))
10 SYSTEMPATH/rewrite.php(44): require_once('/opt/lampp/htdocs/S4/SysInf/ITU-S4-P18-PROJET-main/public/index.php')
WARNING - 2026-05-12 06:25:10 --> [DEPRECATED] Passing lowercase HTTP method "get" is deprecated. Use uppercase HTTP method like "GET". in SYSTEMPATH/Router/RouteCollection.php on line 1026.
 1 SYSTEMPATH/Router/RouteCollection.php(1026): trigger_error('Passing lowercase HTTP method "get" is deprecated. Use uppercase HTTP method like "GET".', 16384)
 2 APPPATH/Config/Routes.php(12): CodeIgniter\Router\RouteCollection->match([...], 'objectifs/choose', 'ObjectifController::choose', [...])
 3 SYSTEMPATH/Router/RouteCollection.php(339): require('/opt/lampp/htdocs/S4/SysInf/ITU-S4-P18-PROJET-main/app/Config/Routes.php')
 4 SYSTEMPATH/CodeIgniter.php(818): CodeIgniter\Router\RouteCollection->loadRoutes()
 5 SYSTEMPATH/CodeIgniter.php(441): CodeIgniter\CodeIgniter->tryToRouteIt(null)
 6 SYSTEMPATH/CodeIgniter.php(340): CodeIgniter\CodeIgniter->handleRequest(null, Object(Config\Cache), false)
 7 SYSTEMPATH/Boot.php(417): CodeIgniter\CodeIgniter->run()
 8 SYSTEMPATH/Boot.php(68): CodeIgniter\Boot::runCodeIgniter(Object(CodeIgniter\CodeIgniter))
 9 FCPATH/index.php(59): CodeIgniter\Boot::bootWeb(Object(Config\Paths))
10 SYSTEMPATH/rewrite.php(44): require_once('/opt/lampp/htdocs/S4/SysInf/ITU-S4-P18-PROJET-main/public/index.php')
WARNING - 2026-05-12 06:25:10 --> [DEPRECATED] Passing lowercase HTTP method "post" is deprecated. Use uppercase HTTP method like "POST". in SYSTEMPATH/Router/RouteCollection.php on line 1026.
 1 SYSTEMPATH/Router/RouteCollection.php(1026): trigger_error('Passing lowercase HTTP method "post" is deprecated. Use uppercase HTTP method like "POST".', 16384)
 2 APPPATH/Config/Routes.php(12): CodeIgniter\Router\RouteCollection->match([...], 'objectifs/choose', 'ObjectifController::choose', [...])
 3 SYSTEMPATH/Router/RouteCollection.php(339): require('/opt/lampp/htdocs/S4/SysInf/ITU-S4-P18-PROJET-main/app/Config/Routes.php')
 4 SYSTEMPATH/CodeIgniter.php(818): CodeIgniter\Router\RouteCollection->loadRoutes()
 5 SYSTEMPATH/CodeIgniter.php(441): CodeIgniter\CodeIgniter->tryToRouteIt(null)
 6 SYSTEMPATH/CodeIgniter.php(340): CodeIgniter\CodeIgniter->handleRequest(null, Object(Config\Cache), false)
 7 SYSTEMPATH/Boot.php(417): CodeIgniter\CodeIgniter->run()
 8 SYSTEMPATH/Boot.php(68): CodeIgniter\Boot::runCodeIgniter(Object(CodeIgniter\CodeIgniter))
 9 FCPATH/index.php(59): CodeIgniter\Boot::bootWeb(Object(Config\Paths))
10 SYSTEMPATH/rewrite.php(44): require_once('/opt/lampp/htdocs/S4/SysInf/ITU-S4-P18-PROJET-main/public/index.php')
DEBUG - 2026-05-12 06:25:10 --> Session: Class initialized using 'CodeIgniter\Session\Handlers\FileHandler' driver.
WARNING - 2026-05-12 06:25:10 --> [DEPRECATED] Passing lowercase HTTP method "get" is deprecated. Use uppercase HTTP method like "GET". in SYSTEMPATH/Router/RouteCollection.php on line 1026.
 1 SYSTEMPATH/Router/RouteCollection.php(1026): trigger_error('Passing lowercase HTTP method "get" is deprecated. Use uppercase HTTP method like "GET".', 16384)
 2 APPPATH/Config/Routes.php(12): CodeIgniter\Router\RouteCollection->match([...], 'objectifs/choose', 'ObjectifController::choose', [...])
 3 SYSTEMPATH/Router/RouteCollection.php(339): require('/opt/lampp/htdocs/S4/SysInf/ITU-S4-P18-PROJET-main/app/Config/Routes.php')
 4 SYSTEMPATH/CodeIgniter.php(818): CodeIgniter\Router\RouteCollection->loadRoutes()
 5 SYSTEMPATH/CodeIgniter.php(441): CodeIgniter\CodeIgniter->tryToRouteIt(null)
 6 SYSTEMPATH/CodeIgniter.php(340): CodeIgniter\CodeIgniter->handleRequest(null, Object(Config\Cache), false)
 7 SYSTEMPATH/Boot.php(417): CodeIgniter\CodeIgniter->run()
 8 SYSTEMPATH/Boot.php(68): CodeIgniter\Boot::runCodeIgniter(Object(CodeIgniter\CodeIgniter))
 9 FCPATH/index.php(59): CodeIgniter\Boot::bootWeb(Object(Config\Paths))
10 SYSTEMPATH/rewrite.php(44): require_once('/opt/lampp/htdocs/S4/SysInf/ITU-S4-P18-PROJET-main/public/index.php')
WARNING - 2026-05-12 06:25:10 --> [DEPRECATED] Passing lowercase HTTP method "post" is deprecated. Use uppercase HTTP method like "POST". in SYSTEMPATH/Router/RouteCollection.php on line 1026.
 1 SYSTEMPATH/Router/RouteCollection.php(1026): trigger_error('Passing lowercase HTTP method "post" is deprecated. Use uppercase HTTP method like "POST".', 16384)
 2 APPPATH/Config/Routes.php(12): CodeIgniter\Router\RouteCollection->match([...], 'objectifs/choose', 'ObjectifController::choose', [...])
 3 SYSTEMPATH/Router/RouteCollection.php(339): require('/opt/lampp/htdocs/S4/SysInf/ITU-S4-P18-PROJET-main/app/Config/Routes.php')
 4 SYSTEMPATH/CodeIgniter.php(818): CodeIgniter\Router\RouteCollection->loadRoutes()
 5 SYSTEMPATH/CodeIgniter.php(441): CodeIgniter\CodeIgniter->tryToRouteIt(null)
 6 SYSTEMPATH/CodeIgniter.php(340): CodeIgniter\CodeIgniter->handleRequest(null, Object(Config\Cache), false)
 7 SYSTEMPATH/Boot.php(417): CodeIgniter\CodeIgniter->run()
 8 SYSTEMPATH/Boot.php(68): CodeIgniter\Boot::runCodeIgniter(Object(CodeIgniter\CodeIgniter))
 9 FCPATH/index.php(59): CodeIgniter\Boot::bootWeb(Object(Config\Paths))
10 SYSTEMPATH/rewrite.php(44): require_once('/opt/lampp/htdocs/S4/SysInf/ITU-S4-P18-PROJET-main/public/index.php')
DEBUG - 2026-05-12 06:25:10 --> Session: Class initialized using 'CodeIgniter\Session\Handlers\FileHandler' driver.
WARNING - 2026-05-12 06:25:10 --> [DEPRECATED] Passing lowercase HTTP method "get" is deprecated. Use uppercase HTTP method like "GET". in SYSTEMPATH/Router/RouteCollection.php on line 1026.
 1 SYSTEMPATH/Router/RouteCollection.php(1026): trigger_error('Passing lowercase HTTP method "get" is deprecated. Use uppercase HTTP method like "GET".', 16384)
 2 APPPATH/Config/Routes.php(12): CodeIgniter\Router\RouteCollection->match([...], 'objectifs/choose', 'ObjectifController::choose', [...])
 3 SYSTEMPATH/Router/RouteCollection.php(339): require('/opt/lampp/htdocs/S4/SysInf/ITU-S4-P18-PROJET-main/app/Config/Routes.php')
 4 SYSTEMPATH/CodeIgniter.php(818): CodeIgniter\Router\RouteCollection->loadRoutes()
 5 SYSTEMPATH/CodeIgniter.php(441): CodeIgniter\CodeIgniter->tryToRouteIt(null)
 6 SYSTEMPATH/CodeIgniter.php(340): CodeIgniter\CodeIgniter->handleRequest(null, Object(Config\Cache), false)
 7 SYSTEMPATH/Boot.php(417): CodeIgniter\CodeIgniter->run()
 8 SYSTEMPATH/Boot.php(68): CodeIgniter\Boot::runCodeIgniter(Object(CodeIgniter\CodeIgniter))
 9 FCPATH/index.php(59): CodeIgniter\Boot::bootWeb(Object(Config\Paths))
10 SYSTEMPATH/rewrite.php(44): require_once('/opt/lampp/htdocs/S4/SysInf/ITU-S4-P18-PROJET-main/public/index.php')
WARNING - 2026-05-12 06:25:10 --> [DEPRECATED] Passing lowercase HTTP method "post" is deprecated. Use uppercase HTTP method like "POST". in SYSTEMPATH/Router/RouteCollection.php on line 1026.
 1 SYSTEMPATH/Router/RouteCollection.php(1026): trigger_error('Passing lowercase HTTP method "post" is deprecated. Use uppercase HTTP method like "POST".', 16384)
 2 APPPATH/Config/Routes.php(12): CodeIgniter\Router\RouteCollection->match([...], 'objectifs/choose', 'ObjectifController::choose', [...])
 3 SYSTEMPATH/Router/RouteCollection.php(339): require('/opt/lampp/htdocs/S4/SysInf/ITU-S4-P18-PROJET-main/app/Config/Routes.php')
 4 SYSTEMPATH/CodeIgniter.php(818): CodeIgniter\Router\RouteCollection->loadRoutes()
 5 SYSTEMPATH/CodeIgniter.php(441): CodeIgniter\CodeIgniter->tryToRouteIt(null)
 6 SYSTEMPATH/CodeIgniter.php(340): CodeIgniter\CodeIgniter->handleRequest(null, Object(Config\Cache), false)
 7 SYSTEMPATH/Boot.php(417): CodeIgniter\CodeIgniter->run()
 8 SYSTEMPATH/Boot.php(68): CodeIgniter\Boot::runCodeIgniter(Object(CodeIgniter\CodeIgniter))
 9 FCPATH/index.php(59): CodeIgniter\Boot::bootWeb(Object(Config\Paths))
10 SYSTEMPATH/rewrite.php(44): require_once('/opt/lampp/htdocs/S4/SysInf/ITU-S4-P18-PROJET-main/public/index.php')
DEBUG - 2026-05-12 06:25:10 --> Session: Class initialized using 'CodeIgniter\Session\Handlers\FileHandler' driver.
WARNING - 2026-05-12 06:25:10 --> [DEPRECATED] Passing lowercase HTTP method "get" is deprecated. Use uppercase HTTP method like "GET". in SYSTEMPATH/Router/RouteCollection.php on line 1026.
 1 SYSTEMPATH/Router/RouteCollection.php(1026): trigger_error('Passing lowercase HTTP method "get" is deprecated. Use uppercase HTTP method like "GET".', 16384)
 2 APPPATH/Config/Routes.php(12): CodeIgniter\Router\RouteCollection->match([...], 'objectifs/choose', 'ObjectifController::choose', [...])
 3 SYSTEMPATH/Router/RouteCollection.php(339): require('/opt/lampp/htdocs/S4/SysInf/ITU-S4-P18-PROJET-main/app/Config/Routes.php')
 4 SYSTEMPATH/CodeIgniter.php(818): CodeIgniter\Router\RouteCollection->loadRoutes()
 5 SYSTEMPATH/CodeIgniter.php(441): CodeIgniter\CodeIgniter->tryToRouteIt(null)
 6 SYSTEMPATH/CodeIgniter.php(340): CodeIgniter\CodeIgniter->handleRequest(null, Object(Config\Cache), false)
 7 SYSTEMPATH/Boot.php(417): CodeIgniter\CodeIgniter->run()
 8 SYSTEMPATH/Boot.php(68): CodeIgniter\Boot::runCodeIgniter(Object(CodeIgniter\CodeIgniter))
 9 FCPATH/index.php(59): CodeIgniter\Boot::bootWeb(Object(Config\Paths))
10 SYSTEMPATH/rewrite.php(44): require_once('/opt/lampp/htdocs/S4/SysInf/ITU-S4-P18-PROJET-main/public/index.php')
WARNING - 2026-05-12 06:25:10 --> [DEPRECATED] Passing lowercase HTTP method "post" is deprecated. Use uppercase HTTP method like "POST". in SYSTEMPATH/Router/RouteCollection.php on line 1026.
 1 SYSTEMPATH/Router/RouteCollection.php(1026): trigger_error('Passing lowercase HTTP method "post" is deprecated. Use uppercase HTTP method like "POST".', 16384)
 2 APPPATH/Config/Routes.php(12): CodeIgniter\Router\RouteCollection->match([...], 'objectifs/choose', 'ObjectifController::choose', [...])
 3 SYSTEMPATH/Router/RouteCollection.php(339): require('/opt/lampp/htdocs/S4/SysInf/ITU-S4-P18-PROJET-main/app/Config/Routes.php')
 4 SYSTEMPATH/CodeIgniter.php(818): CodeIgniter\Router\RouteCollection->loadRoutes()
 5 SYSTEMPATH/CodeIgniter.php(441): CodeIgniter\CodeIgniter->tryToRouteIt(null)
 6 SYSTEMPATH/CodeIgniter.php(340): CodeIgniter\CodeIgniter->handleRequest(null, Object(Config\Cache), false)
 7 SYSTEMPATH/Boot.php(417): CodeIgniter\CodeIgniter->run()
 8 SYSTEMPATH/Boot.php(68): CodeIgniter\Boot::runCodeIgniter(Object(CodeIgniter\CodeIgniter))
 9 FCPATH/index.php(59): CodeIgniter\Boot::bootWeb(Object(Config\Paths))
10 SYSTEMPATH/rewrite.php(44): require_once('/opt/lampp/htdocs/S4/SysInf/ITU-S4-P18-PROJET-main/public/index.php')
DEBUG - 2026-05-12 06:25:10 --> Session: Class initialized using 'CodeIgniter\Session\Handlers\FileHandler' driver.
WARNING - 2026-05-12 06:25:13 --> [DEPRECATED] Passing lowercase HTTP method "get" is deprecated. Use uppercase HTTP method like "GET". in SYSTEMPATH/Router/RouteCollection.php on line 1026.
 1 SYSTEMPATH/Router/RouteCollection.php(1026): trigger_error('Passing lowercase HTTP method "get" is deprecated. Use uppercase HTTP method like "GET".', 16384)
 2 APPPATH/Config/Routes.php(12): CodeIgniter\Router\RouteCollection->match([...], 'objectifs/choose', 'ObjectifController::choose', [...])
 3 SYSTEMPATH/Router/RouteCollection.php(339): require('/opt/lampp/htdocs/S4/SysInf/ITU-S4-P18-PROJET-main/app/Config/Routes.php')
 4 SYSTEMPATH/CodeIgniter.php(818): CodeIgniter\Router\RouteCollection->loadRoutes()
 5 SYSTEMPATH/CodeIgniter.php(441): CodeIgniter\CodeIgniter->tryToRouteIt(null)
 6 SYSTEMPATH/CodeIgniter.php(340): CodeIgniter\CodeIgniter->handleRequest(null, Object(Config\Cache), false)
 7 SYSTEMPATH/Boot.php(417): CodeIgniter\CodeIgniter->run()
 8 SYSTEMPATH/Boot.php(68): CodeIgniter\Boot::runCodeIgniter(Object(CodeIgniter\CodeIgniter))
 9 FCPATH/index.php(59): CodeIgniter\Boot::bootWeb(Object(Config\Paths))
10 SYSTEMPATH/rewrite.php(44): require_once('/opt/lampp/htdocs/S4/SysInf/ITU-S4-P18-PROJET-main/public/index.php')
WARNING - 2026-05-12 06:25:13 --> [DEPRECATED] Passing lowercase HTTP method "post" is deprecated. Use uppercase HTTP method like "POST". in SYSTEMPATH/Router/RouteCollection.php on line 1026.
 1 SYSTEMPATH/Router/RouteCollection.php(1026): trigger_error('Passing lowercase HTTP method "post" is deprecated. Use uppercase HTTP method like "POST".', 16384)
 2 APPPATH/Config/Routes.php(12): CodeIgniter\Router\RouteCollection->match([...], 'objectifs/choose', 'ObjectifController::choose', [...])
 3 SYSTEMPATH/Router/RouteCollection.php(339): require('/opt/lampp/htdocs/S4/SysInf/ITU-S4-P18-PROJET-main/app/Config/Routes.php')
 4 SYSTEMPATH/CodeIgniter.php(818): CodeIgniter\Router\RouteCollection->loadRoutes()
 5 SYSTEMPATH/CodeIgniter.php(441): CodeIgniter\CodeIgniter->tryToRouteIt(null)
 6 SYSTEMPATH/CodeIgniter.php(340): CodeIgniter\CodeIgniter->handleRequest(null, Object(Config\Cache), false)
 7 SYSTEMPATH/Boot.php(417): CodeIgniter\CodeIgniter->run()
 8 SYSTEMPATH/Boot.php(68): CodeIgniter\Boot::runCodeIgniter(Object(CodeIgniter\CodeIgniter))
 9 FCPATH/index.php(59): CodeIgniter\Boot::bootWeb(Object(Config\Paths))
10 SYSTEMPATH/rewrite.php(44): require_once('/opt/lampp/htdocs/S4/SysInf/ITU-S4-P18-PROJET-main/public/index.php')
DEBUG - 2026-05-12 06:25:13 --> Session: Class initialized using 'CodeIgniter\Session\Handlers\FileHandler' driver.
WARNING - 2026-05-12 06:25:56 --> [DEPRECATED] Passing lowercase HTTP method "get" is deprecated. Use uppercase HTTP method like "GET". in SYSTEMPATH/Router/RouteCollection.php on line 1026.
 1 SYSTEMPATH/Router/RouteCollection.php(1026): trigger_error('Passing lowercase HTTP method "get" is deprecated. Use uppercase HTTP method like "GET".', 16384)
 2 APPPATH/Config/Routes.php(12): CodeIgniter\Router\RouteCollection->match([...], 'objectifs/choose', 'ObjectifController::choose', [...])
 3 SYSTEMPATH/Router/RouteCollection.php(339): require('/opt/lampp/htdocs/S4/SysInf/ITU-S4-P18-PROJET-main/app/Config/Routes.php')
 4 SYSTEMPATH/CodeIgniter.php(818): CodeIgniter\Router\RouteCollection->loadRoutes()
 5 SYSTEMPATH/CodeIgniter.php(441): CodeIgniter\CodeIgniter->tryToRouteIt(null)
 6 SYSTEMPATH/CodeIgniter.php(340): CodeIgniter\CodeIgniter->handleRequest(null, Object(Config\Cache), false)
 7 SYSTEMPATH/Boot.php(417): CodeIgniter\CodeIgniter->run()
 8 SYSTEMPATH/Boot.php(68): CodeIgniter\Boot::runCodeIgniter(Object(CodeIgniter\CodeIgniter))
 9 FCPATH/index.php(59): CodeIgniter\Boot::bootWeb(Object(Config\Paths))
10 SYSTEMPATH/rewrite.php(44): require_once('/opt/lampp/htdocs/S4/SysInf/ITU-S4-P18-PROJET-main/public/index.php')
WARNING - 2026-05-12 06:25:56 --> [DEPRECATED] Passing lowercase HTTP method "post" is deprecated. Use uppercase HTTP method like "POST". in SYSTEMPATH/Router/RouteCollection.php on line 1026.
 1 SYSTEMPATH/Router/RouteCollection.php(1026): trigger_error('Passing lowercase HTTP method "post" is deprecated. Use uppercase HTTP method like "POST".', 16384)
 2 APPPATH/Config/Routes.php(12): CodeIgniter\Router\RouteCollection->match([...], 'objectifs/choose', 'ObjectifController::choose', [...])
 3 SYSTEMPATH/Router/RouteCollection.php(339): require('/opt/lampp/htdocs/S4/SysInf/ITU-S4-P18-PROJET-main/app/Config/Routes.php')
 4 SYSTEMPATH/CodeIgniter.php(818): CodeIgniter\Router\RouteCollection->loadRoutes()
 5 SYSTEMPATH/CodeIgniter.php(441): CodeIgniter\CodeIgniter->tryToRouteIt(null)
 6 SYSTEMPATH/CodeIgniter.php(340): CodeIgniter\CodeIgniter->handleRequest(null, Object(Config\Cache), false)
 7 SYSTEMPATH/Boot.php(417): CodeIgniter\CodeIgniter->run()
 8 SYSTEMPATH/Boot.php(68): CodeIgniter\Boot::runCodeIgniter(Object(CodeIgniter\CodeIgniter))
 9 FCPATH/index.php(59): CodeIgniter\Boot::bootWeb(Object(Config\Paths))
10 SYSTEMPATH/rewrite.php(44): require_once('/opt/lampp/htdocs/S4/SysInf/ITU-S4-P18-PROJET-main/public/index.php')
DEBUG - 2026-05-12 06:25:56 --> Session: Class initialized using 'CodeIgniter\Session\Handlers\FileHandler' driver.
WARNING - 2026-05-12 06:25:57 --> [DEPRECATED] Passing lowercase HTTP method "get" is deprecated. Use uppercase HTTP method like "GET". in SYSTEMPATH/Router/RouteCollection.php on line 1026.
 1 SYSTEMPATH/Router/RouteCollection.php(1026): trigger_error('Passing lowercase HTTP method "get" is deprecated. Use uppercase HTTP method like "GET".', 16384)
 2 APPPATH/Config/Routes.php(12): CodeIgniter\Router\RouteCollection->match([...], 'objectifs/choose', 'ObjectifController::choose', [...])
 3 SYSTEMPATH/Router/RouteCollection.php(339): require('/opt/lampp/htdocs/S4/SysInf/ITU-S4-P18-PROJET-main/app/Config/Routes.php')
 4 SYSTEMPATH/CodeIgniter.php(818): CodeIgniter\Router\RouteCollection->loadRoutes()
 5 SYSTEMPATH/CodeIgniter.php(441): CodeIgniter\CodeIgniter->tryToRouteIt(null)
 6 SYSTEMPATH/CodeIgniter.php(340): CodeIgniter\CodeIgniter->handleRequest(null, Object(Config\Cache), false)
 7 SYSTEMPATH/Boot.php(417): CodeIgniter\CodeIgniter->run()
 8 SYSTEMPATH/Boot.php(68): CodeIgniter\Boot::runCodeIgniter(Object(CodeIgniter\CodeIgniter))
 9 FCPATH/index.php(59): CodeIgniter\Boot::bootWeb(Object(Config\Paths))
10 SYSTEMPATH/rewrite.php(44): require_once('/opt/lampp/htdocs/S4/SysInf/ITU-S4-P18-PROJET-main/public/index.php')
WARNING - 2026-05-12 06:25:57 --> [DEPRECATED] Passing lowercase HTTP method "post" is deprecated. Use uppercase HTTP method like "POST". in SYSTEMPATH/Router/RouteCollection.php on line 1026.
 1 SYSTEMPATH/Router/RouteCollection.php(1026): trigger_error('Passing lowercase HTTP method "post" is deprecated. Use uppercase HTTP method like "POST".', 16384)
 2 APPPATH/Config/Routes.php(12): CodeIgniter\Router\RouteCollection->match([...], 'objectifs/choose', 'ObjectifController::choose', [...])
 3 SYSTEMPATH/Router/RouteCollection.php(339): require('/opt/lampp/htdocs/S4/SysInf/ITU-S4-P18-PROJET-main/app/Config/Routes.php')
 4 SYSTEMPATH/CodeIgniter.php(818): CodeIgniter\Router\RouteCollection->loadRoutes()
 5 SYSTEMPATH/CodeIgniter.php(441): CodeIgniter\CodeIgniter->tryToRouteIt(null)
 6 SYSTEMPATH/CodeIgniter.php(340): CodeIgniter\CodeIgniter->handleRequest(null, Object(Config\Cache), false)
 7 SYSTEMPATH/Boot.php(417): CodeIgniter\CodeIgniter->run()
 8 SYSTEMPATH/Boot.php(68): CodeIgniter\Boot::runCodeIgniter(Object(CodeIgniter\CodeIgniter))
 9 FCPATH/index.php(59): CodeIgniter\Boot::bootWeb(Object(Config\Paths))
10 SYSTEMPATH/rewrite.php(44): require_once('/opt/lampp/htdocs/S4/SysInf/ITU-S4-P18-PROJET-main/public/index.php')
DEBUG - 2026-05-12 06:25:57 --> Session: Class initialized using 'CodeIgniter\Session\Handlers\FileHandler' driver.
WARNING - 2026-05-12 06:25:57 --> [DEPRECATED] Passing lowercase HTTP method "get" is deprecated. Use uppercase HTTP method like "GET". in SYSTEMPATH/Router/RouteCollection.php on line 1026.
 1 SYSTEMPATH/Router/RouteCollection.php(1026): trigger_error('Passing lowercase HTTP method "get" is deprecated. Use uppercase HTTP method like "GET".', 16384)
 2 APPPATH/Config/Routes.php(12): CodeIgniter\Router\RouteCollection->match([...], 'objectifs/choose', 'ObjectifController::choose', [...])
 3 SYSTEMPATH/Router/RouteCollection.php(339): require('/opt/lampp/htdocs/S4/SysInf/ITU-S4-P18-PROJET-main/app/Config/Routes.php')
 4 SYSTEMPATH/CodeIgniter.php(818): CodeIgniter\Router\RouteCollection->loadRoutes()
 5 SYSTEMPATH/CodeIgniter.php(441): CodeIgniter\CodeIgniter->tryToRouteIt(null)
 6 SYSTEMPATH/CodeIgniter.php(340): CodeIgniter\CodeIgniter->handleRequest(null, Object(Config\Cache), false)
 7 SYSTEMPATH/Boot.php(417): CodeIgniter\CodeIgniter->run()
 8 SYSTEMPATH/Boot.php(68): CodeIgniter\Boot::runCodeIgniter(Object(CodeIgniter\CodeIgniter))
 9 FCPATH/index.php(59): CodeIgniter\Boot::bootWeb(Object(Config\Paths))
10 SYSTEMPATH/rewrite.php(44): require_once('/opt/lampp/htdocs/S4/SysInf/ITU-S4-P18-PROJET-main/public/index.php')
WARNING - 2026-05-12 06:25:57 --> [DEPRECATED] Passing lowercase HTTP method "post" is deprecated. Use uppercase HTTP method like "POST". in SYSTEMPATH/Router/RouteCollection.php on line 1026.
 1 SYSTEMPATH/Router/RouteCollection.php(1026): trigger_error('Passing lowercase HTTP method "post" is deprecated. Use uppercase HTTP method like "POST".', 16384)
 2 APPPATH/Config/Routes.php(12): CodeIgniter\Router\RouteCollection->match([...], 'objectifs/choose', 'ObjectifController::choose', [...])
 3 SYSTEMPATH/Router/RouteCollection.php(339): require('/opt/lampp/htdocs/S4/SysInf/ITU-S4-P18-PROJET-main/app/Config/Routes.php')
 4 SYSTEMPATH/CodeIgniter.php(818): CodeIgniter\Router\RouteCollection->loadRoutes()
 5 SYSTEMPATH/CodeIgniter.php(441): CodeIgniter\CodeIgniter->tryToRouteIt(null)
 6 SYSTEMPATH/CodeIgniter.php(340): CodeIgniter\CodeIgniter->handleRequest(null, Object(Config\Cache), false)
 7 SYSTEMPATH/Boot.php(417): CodeIgniter\CodeIgniter->run()
 8 SYSTEMPATH/Boot.php(68): CodeIgniter\Boot::runCodeIgniter(Object(CodeIgniter\CodeIgniter))
 9 FCPATH/index.php(59): CodeIgniter\Boot::bootWeb(Object(Config\Paths))
10 SYSTEMPATH/rewrite.php(44): require_once('/opt/lampp/htdocs/S4/SysInf/ITU-S4-P18-PROJET-main/public/index.php')
WARNING - 2026-05-12 06:25:58 --> [DEPRECATED] Passing lowercase HTTP method "get" is deprecated. Use uppercase HTTP method like "GET". in SYSTEMPATH/Router/RouteCollection.php on line 1026.
 1 SYSTEMPATH/Router/RouteCollection.php(1026): trigger_error('Passing lowercase HTTP method "get" is deprecated. Use uppercase HTTP method like "GET".', 16384)
 2 APPPATH/Config/Routes.php(12): CodeIgniter\Router\RouteCollection->match([...], 'objectifs/choose', 'ObjectifController::choose', [...])
 3 SYSTEMPATH/Router/RouteCollection.php(339): require('/opt/lampp/htdocs/S4/SysInf/ITU-S4-P18-PROJET-main/app/Config/Routes.php')
 4 SYSTEMPATH/CodeIgniter.php(818): CodeIgniter\Router\RouteCollection->loadRoutes()
 5 SYSTEMPATH/CodeIgniter.php(441): CodeIgniter\CodeIgniter->tryToRouteIt(null)
 6 SYSTEMPATH/CodeIgniter.php(340): CodeIgniter\CodeIgniter->handleRequest(null, Object(Config\Cache), false)
 7 SYSTEMPATH/Boot.php(417): CodeIgniter\CodeIgniter->run()
 8 SYSTEMPATH/Boot.php(68): CodeIgniter\Boot::runCodeIgniter(Object(CodeIgniter\CodeIgniter))
 9 FCPATH/index.php(59): CodeIgniter\Boot::bootWeb(Object(Config\Paths))
10 SYSTEMPATH/rewrite.php(44): require_once('/opt/lampp/htdocs/S4/SysInf/ITU-S4-P18-PROJET-main/public/index.php')
WARNING - 2026-05-12 06:25:58 --> [DEPRECATED] Passing lowercase HTTP method "post" is deprecated. Use uppercase HTTP method like "POST". in SYSTEMPATH/Router/RouteCollection.php on line 1026.
 1 SYSTEMPATH/Router/RouteCollection.php(1026): trigger_error('Passing lowercase HTTP method "post" is deprecated. Use uppercase HTTP method like "POST".', 16384)
 2 APPPATH/Config/Routes.php(12): CodeIgniter\Router\RouteCollection->match([...], 'objectifs/choose', 'ObjectifController::choose', [...])
 3 SYSTEMPATH/Router/RouteCollection.php(339): require('/opt/lampp/htdocs/S4/SysInf/ITU-S4-P18-PROJET-main/app/Config/Routes.php')
 4 SYSTEMPATH/CodeIgniter.php(818): CodeIgniter\Router\RouteCollection->loadRoutes()
 5 SYSTEMPATH/CodeIgniter.php(441): CodeIgniter\CodeIgniter->tryToRouteIt(null)
 6 SYSTEMPATH/CodeIgniter.php(340): CodeIgniter\CodeIgniter->handleRequest(null, Object(Config\Cache), false)
 7 SYSTEMPATH/Boot.php(417): CodeIgniter\CodeIgniter->run()
 8 SYSTEMPATH/Boot.php(68): CodeIgniter\Boot::runCodeIgniter(Object(CodeIgniter\CodeIgniter))
 9 FCPATH/index.php(59): CodeIgniter\Boot::bootWeb(Object(Config\Paths))
10 SYSTEMPATH/rewrite.php(44): require_once('/opt/lampp/htdocs/S4/SysInf/ITU-S4-P18-PROJET-main/public/index.php')
DEBUG - 2026-05-12 06:25:58 --> Session: Class initialized using 'CodeIgniter\Session\Handlers\FileHandler' driver.
WARNING - 2026-05-12 10:22:51 --> [DEPRECATED] Passing lowercase HTTP method "get" is deprecated. Use uppercase HTTP method like "GET". in SYSTEMPATH/Router/RouteCollection.php on line 1026.
 1 SYSTEMPATH/Router/RouteCollection.php(1026): trigger_error('Passing lowercase HTTP method "get" is deprecated. Use uppercase HTTP method like "GET".', 16384)
 2 APPPATH/Config/Routes.php(12): CodeIgniter\Router\RouteCollection->match([...], 'objectifs/choose', 'ObjectifController::choose', [...])
 3 SYSTEMPATH/Router/RouteCollection.php(339): require('/opt/lampp/htdocs/S4/SysInf/ITU-S4-P18-PROJET-main/app/Config/Routes.php')
 4 SYSTEMPATH/CLI/Console.php(41): CodeIgniter\Router\RouteCollection->loadRoutes()
 5 SYSTEMPATH/Boot.php(442): CodeIgniter\CLI\Console->run()
 6 SYSTEMPATH/Boot.php(166): CodeIgniter\Boot::runCommand(Object(CodeIgniter\CLI\Console))
 7 ROOTPATH/spark(87): CodeIgniter\Boot::bootSpark(Object(Config\Paths))
WARNING - 2026-05-12 10:22:51 --> [DEPRECATED] Passing lowercase HTTP method "post" is deprecated. Use uppercase HTTP method like "POST". in SYSTEMPATH/Router/RouteCollection.php on line 1026.
 1 SYSTEMPATH/Router/RouteCollection.php(1026): trigger_error('Passing lowercase HTTP method "post" is deprecated. Use uppercase HTTP method like "POST".', 16384)
 2 APPPATH/Config/Routes.php(12): CodeIgniter\Router\RouteCollection->match([...], 'objectifs/choose', 'ObjectifController::choose', [...])
 3 SYSTEMPATH/Router/RouteCollection.php(339): require('/opt/lampp/htdocs/S4/SysInf/ITU-S4-P18-PROJET-main/app/Config/Routes.php')
 4 SYSTEMPATH/CLI/Console.php(41): CodeIgniter\Router\RouteCollection->loadRoutes()
 5 SYSTEMPATH/Boot.php(442): CodeIgniter\CLI\Console->run()
 6 SYSTEMPATH/Boot.php(166): CodeIgniter\Boot::runCommand(Object(CodeIgniter\CLI\Console))
 7 ROOTPATH/spark(87): CodeIgniter\Boot::bootSpark(Object(Config\Paths))
WARNING - 2026-05-12 10:23:03 --> [DEPRECATED] Passing lowercase HTTP method "get" is deprecated. Use uppercase HTTP method like "GET". in SYSTEMPATH/Router/RouteCollection.php on line 1026.
 1 SYSTEMPATH/Router/RouteCollection.php(1026): trigger_error('Passing lowercase HTTP method "get" is deprecated. Use uppercase HTTP method like "GET".', 16384)
 2 APPPATH/Config/Routes.php(12): CodeIgniter\Router\RouteCollection->match([...], 'objectifs/choose', 'ObjectifController::choose', [...])
 3 SYSTEMPATH/Router/RouteCollection.php(339): require('/opt/lampp/htdocs/S4/SysInf/ITU-S4-P18-PROJET-main/app/Config/Routes.php')
 4 SYSTEMPATH/CLI/Console.php(41): CodeIgniter\Router\RouteCollection->loadRoutes()
 5 SYSTEMPATH/Boot.php(442): CodeIgniter\CLI\Console->run()
 6 SYSTEMPATH/Boot.php(166): CodeIgniter\Boot::runCommand(Object(CodeIgniter\CLI\Console))
 7 ROOTPATH/spark(87): CodeIgniter\Boot::bootSpark(Object(Config\Paths))
WARNING - 2026-05-12 10:23:03 --> [DEPRECATED] Passing lowercase HTTP method "post" is deprecated. Use uppercase HTTP method like "POST". in SYSTEMPATH/Router/RouteCollection.php on line 1026.
 1 SYSTEMPATH/Router/RouteCollection.php(1026): trigger_error('Passing lowercase HTTP method "post" is deprecated. Use uppercase HTTP method like "POST".', 16384)
 2 APPPATH/Config/Routes.php(12): CodeIgniter\Router\RouteCollection->match([...], 'objectifs/choose', 'ObjectifController::choose', [...])
 3 SYSTEMPATH/Router/RouteCollection.php(339): require('/opt/lampp/htdocs/S4/SysInf/ITU-S4-P18-PROJET-main/app/Config/Routes.php')
 4 SYSTEMPATH/CLI/Console.php(41): CodeIgniter\Router\RouteCollection->loadRoutes()
 5 SYSTEMPATH/Boot.php(442): CodeIgniter\CLI\Console->run()
 6 SYSTEMPATH/Boot.php(166): CodeIgniter\Boot::runCommand(Object(CodeIgniter\CLI\Console))
 7 ROOTPATH/spark(87): CodeIgniter\Boot::bootSpark(Object(Config\Paths))
ERROR - 2026-05-12 10:23:03 --> Duplicate entry 'admin@app.com' for key 'email'
in SYSTEMPATH/Database/MySQLi/Connection.php on line 300.
 1 SYSTEMPATH/Database/MySQLi/Connection.php(300): mysqli->query('INSERT INTO `utilisateur` (`date_naissance`, `email`, `est_gold`, `genre`, `id_role`, `mot_de_passe`, `nom`, `poids_actuel`, `solde_monnaie`, `taille`)
VALUES (\'1990-01-01\',\'admin@app.com\',0,\'homme\',1,\'$2y$10$0MbgG5ykCS1deZaFdNBH8O9lS8CYKAICA6j2LbqTySNqEl1Kshhg.\',\'Admin Système\',75,0,1.75), (\'1995-03-12\',\'alice@mail.com\',0,\'femme\',2,\'$2y$10$LPqMTwlpiC6pYO/5.NXTlOHEMejg91VcRaKyd15GOtE44mNBArxbS\',\'Alice Dupont\',72,20,1.65), (\'1988-07-22\',\'bob@mail.com\',1,\'homme\',2,\'$2y$10$LPqMTwlpiC6pYO/5.NXTlOHEMejg91VcRaKyd15GOtE44mNBArxbS\',\'Bob Martin\',95,50,1.8), (\'2000-11-05\',\'clara@mail.com\',0,\'femme\',2,\'$2y$10$LPqMTwlpiC6pYO/5.NXTlOHEMejg91VcRaKyd15GOtE44mNBArxbS\',\'Clara Rabe\',50,10,1.6), (\'1992-06-18\',\'david@mail.com\',0,\'homme\',2,\'$2y$10$LPqMTwlpiC6pYO/5.NXTlOHEMejg91VcRaKyd15GOtE44mNBArxbS\',\'David Rakoto\',85,0,1.78), (\'1998-09-30\',\'eva@mail.com\',0,\'femme\',2,\'$2y$10$LPqMTwlpiC6pYO/5.NXTlOHEMejg91VcRaKyd15GOtE44mNBArxbS\',\'Eva Rasolofo\',60,30,1.7)', 0)
 2 SYSTEMPATH/Database/BaseConnection.php(910): CodeIgniter\Database\MySQLi\Connection->execute('INSERT INTO `utilisateur` (`date_naissance`, `email`, `est_gold`, `genre`, `id_role`, `mot_de_passe`, `nom`, `poids_actuel`, `solde_monnaie`, `taille`)
VALUES (\'1990-01-01\',\'admin@app.com\',0,\'homme\',1,\'$2y$10$0MbgG5ykCS1deZaFdNBH8O9lS8CYKAICA6j2LbqTySNqEl1Kshhg.\',\'Admin Système\',75,0,1.75), (\'1995-03-12\',\'alice@mail.com\',0,\'femme\',2,\'$2y$10$LPqMTwlpiC6pYO/5.NXTlOHEMejg91VcRaKyd15GOtE44mNBArxbS\',\'Alice Dupont\',72,20,1.65), (\'1988-07-22\',\'bob@mail.com\',1,\'homme\',2,\'$2y$10$LPqMTwlpiC6pYO/5.NXTlOHEMejg91VcRaKyd15GOtE44mNBArxbS\',\'Bob Martin\',95,50,1.8), (\'2000-11-05\',\'clara@mail.com\',0,\'femme\',2,\'$2y$10$LPqMTwlpiC6pYO/5.NXTlOHEMejg91VcRaKyd15GOtE44mNBArxbS\',\'Clara Rabe\',50,10,1.6), (\'1992-06-18\',\'david@mail.com\',0,\'homme\',2,\'$2y$10$LPqMTwlpiC6pYO/5.NXTlOHEMejg91VcRaKyd15GOtE44mNBArxbS\',\'David Rakoto\',85,0,1.78), (\'1998-09-30\',\'eva@mail.com\',0,\'femme\',2,\'$2y$10$LPqMTwlpiC6pYO/5.NXTlOHEMejg91VcRaKyd15GOtE44mNBArxbS\',\'Eva Rasolofo\',60,30,1.7)')
 3 SYSTEMPATH/Database/BaseConnection.php(827): CodeIgniter\Database\BaseConnection->simpleQuery('INSERT INTO `utilisateur` (`date_naissance`, `email`, `est_gold`, `genre`, `id_role`, `mot_de_passe`, `nom`, `poids_actuel`, `solde_monnaie`, `taille`)
VALUES (\'1990-01-01\',\'admin@app.com\',0,\'homme\',1,\'$2y$10$0MbgG5ykCS1deZaFdNBH8O9lS8CYKAICA6j2LbqTySNqEl1Kshhg.\',\'Admin Système\',75,0,1.75), (\'1995-03-12\',\'alice@mail.com\',0,\'femme\',2,\'$2y$10$LPqMTwlpiC6pYO/5.NXTlOHEMejg91VcRaKyd15GOtE44mNBArxbS\',\'Alice Dupont\',72,20,1.65), (\'1988-07-22\',\'bob@mail.com\',1,\'homme\',2,\'$2y$10$LPqMTwlpiC6pYO/5.NXTlOHEMejg91VcRaKyd15GOtE44mNBArxbS\',\'Bob Martin\',95,50,1.8), (\'2000-11-05\',\'clara@mail.com\',0,\'femme\',2,\'$2y$10$LPqMTwlpiC6pYO/5.NXTlOHEMejg91VcRaKyd15GOtE44mNBArxbS\',\'Clara Rabe\',50,10,1.6), (\'1992-06-18\',\'david@mail.com\',0,\'homme\',2,\'$2y$10$LPqMTwlpiC6pYO/5.NXTlOHEMejg91VcRaKyd15GOtE44mNBArxbS\',\'David Rakoto\',85,0,1.78), (\'1998-09-30\',\'eva@mail.com\',0,\'femme\',2,\'$2y$10$LPqMTwlpiC6pYO/5.NXTlOHEMejg91VcRaKyd15GOtE44mNBArxbS\',\'Eva Rasolofo\',60,30,1.7)')
 4 SYSTEMPATH/Database/BaseBuilder.php(1841): CodeIgniter\Database\BaseConnection->query('INSERT INTO `utilisateur` (`date_naissance`, `email`, `est_gold`, `genre`, `id_role`, `mot_de_passe`, `nom`, `poids_actuel`, `solde_monnaie`, `taille`)
VALUES (\'1990-01-01\',\'admin@app.com\',0,\'homme\',1,\'$2y$10$0MbgG5ykCS1deZaFdNBH8O9lS8CYKAICA6j2LbqTySNqEl1Kshhg.\',\'Admin Système\',75,0,1.75), (\'1995-03-12\',\'alice@mail.com\',0,\'femme\',2,\'$2y$10$LPqMTwlpiC6pYO/5.NXTlOHEMejg91VcRaKyd15GOtE44mNBArxbS\',\'Alice Dupont\',72,20,1.65), (\'1988-07-22\',\'bob@mail.com\',1,\'homme\',2,\'$2y$10$LPqMTwlpiC6pYO/5.NXTlOHEMejg91VcRaKyd15GOtE44mNBArxbS\',\'Bob Martin\',95,50,1.8), (\'2000-11-05\',\'clara@mail.com\',0,\'femme\',2,\'$2y$10$LPqMTwlpiC6pYO/5.NXTlOHEMejg91VcRaKyd15GOtE44mNBArxbS\',\'Clara Rabe\',50,10,1.6), (\'1992-06-18\',\'david@mail.com\',0,\'homme\',2,\'$2y$10$LPqMTwlpiC6pYO/5.NXTlOHEMejg91VcRaKyd15GOtE44mNBArxbS\',\'David Rakoto\',85,0,1.78), (\'1998-09-30\',\'eva@mail.com\',0,\'femme\',2,\'$2y$10$LPqMTwlpiC6pYO/5.NXTlOHEMejg91VcRaKyd15GOtE44mNBArxbS\',\'Eva Rasolofo\',60,30,1.7)', null, false)
 5 SYSTEMPATH/Database/BaseBuilder.php(2230): CodeIgniter\Database\BaseBuilder->batchExecute('_insertBatch', 100)
 6 APPPATH/Database/Seeds/UtilisateurSeeder.php(87): CodeIgniter\Database\BaseBuilder->insertBatch([...])
 7 SYSTEMPATH/Database/Seeder.php(155): App\Database\Seeds\UtilisateurSeeder->run()
 8 APPPATH/Database/Seeds/DatabaseSeeder.php(14): CodeIgniter\Database\Seeder->call('App\\Database\\Seeds\\UtilisateurSeeder')
 9 SYSTEMPATH/Database/Seeder.php(155): App\Database\Seeds\DatabaseSeeder->run()
10 SYSTEMPATH/Commands/Database/Seed.php(79): CodeIgniter\Database\Seeder->call('App\\Database\\Seeds\\DatabaseSeeder')
11 SYSTEMPATH/CLI/Commands.php(74): CodeIgniter\Commands\Database\Seed->run([])
12 SYSTEMPATH/CLI/Console.php(47): CodeIgniter\CLI\Commands->run('db:seed', [...])
13 SYSTEMPATH/Boot.php(442): CodeIgniter\CLI\Console->run()
14 SYSTEMPATH/Boot.php(166): CodeIgniter\Boot::runCommand(Object(CodeIgniter\CLI\Console))
15 ROOTPATH/spark(87): CodeIgniter\Boot::bootSpark(Object(Config\Paths))
WARNING - 2026-05-12 10:23:47 --> [DEPRECATED] Passing lowercase HTTP method "get" is deprecated. Use uppercase HTTP method like "GET". in SYSTEMPATH/Router/RouteCollection.php on line 1026.
 1 SYSTEMPATH/Router/RouteCollection.php(1026): trigger_error('Passing lowercase HTTP method "get" is deprecated. Use uppercase HTTP method like "GET".', 16384)
 2 APPPATH/Config/Routes.php(12): CodeIgniter\Router\RouteCollection->match([...], 'objectifs/choose', 'ObjectifController::choose', [...])
 3 SYSTEMPATH/Router/RouteCollection.php(339): require('/opt/lampp/htdocs/S4/SysInf/ITU-S4-P18-PROJET-main/app/Config/Routes.php')
 4 SYSTEMPATH/CLI/Console.php(41): CodeIgniter\Router\RouteCollection->loadRoutes()
 5 SYSTEMPATH/Boot.php(442): CodeIgniter\CLI\Console->run()
 6 SYSTEMPATH/Boot.php(166): CodeIgniter\Boot::runCommand(Object(CodeIgniter\CLI\Console))
 7 ROOTPATH/spark(87): CodeIgniter\Boot::bootSpark(Object(Config\Paths))
WARNING - 2026-05-12 10:23:47 --> [DEPRECATED] Passing lowercase HTTP method "post" is deprecated. Use uppercase HTTP method like "POST". in SYSTEMPATH/Router/RouteCollection.php on line 1026.
 1 SYSTEMPATH/Router/RouteCollection.php(1026): trigger_error('Passing lowercase HTTP method "post" is deprecated. Use uppercase HTTP method like "POST".', 16384)
 2 APPPATH/Config/Routes.php(12): CodeIgniter\Router\RouteCollection->match([...], 'objectifs/choose', 'ObjectifController::choose', [...])
 3 SYSTEMPATH/Router/RouteCollection.php(339): require('/opt/lampp/htdocs/S4/SysInf/ITU-S4-P18-PROJET-main/app/Config/Routes.php')
 4 SYSTEMPATH/CLI/Console.php(41): CodeIgniter\Router\RouteCollection->loadRoutes()
 5 SYSTEMPATH/Boot.php(442): CodeIgniter\CLI\Console->run()
 6 SYSTEMPATH/Boot.php(166): CodeIgniter\Boot::runCommand(Object(CodeIgniter\CLI\Console))
 7 ROOTPATH/spark(87): CodeIgniter\Boot::bootSpark(Object(Config\Paths))
WARNING - 2026-05-12 10:23:55 --> [DEPRECATED] Passing lowercase HTTP method "get" is deprecated. Use uppercase HTTP method like "GET". in SYSTEMPATH/Router/RouteCollection.php on line 1026.
 1 SYSTEMPATH/Router/RouteCollection.php(1026): trigger_error('Passing lowercase HTTP method "get" is deprecated. Use uppercase HTTP method like "GET".', 16384)
 2 APPPATH/Config/Routes.php(12): CodeIgniter\Router\RouteCollection->match([...], 'objectifs/choose', 'ObjectifController::choose', [...])
 3 SYSTEMPATH/Router/RouteCollection.php(339): require('/opt/lampp/htdocs/S4/SysInf/ITU-S4-P18-PROJET-main/app/Config/Routes.php')
 4 SYSTEMPATH/CLI/Console.php(41): CodeIgniter\Router\RouteCollection->loadRoutes()
 5 SYSTEMPATH/Boot.php(442): CodeIgniter\CLI\Console->run()
 6 SYSTEMPATH/Boot.php(166): CodeIgniter\Boot::runCommand(Object(CodeIgniter\CLI\Console))
 7 ROOTPATH/spark(87): CodeIgniter\Boot::bootSpark(Object(Config\Paths))
WARNING - 2026-05-12 10:23:55 --> [DEPRECATED] Passing lowercase HTTP method "post" is deprecated. Use uppercase HTTP method like "POST". in SYSTEMPATH/Router/RouteCollection.php on line 1026.
 1 SYSTEMPATH/Router/RouteCollection.php(1026): trigger_error('Passing lowercase HTTP method "post" is deprecated. Use uppercase HTTP method like "POST".', 16384)
 2 APPPATH/Config/Routes.php(12): CodeIgniter\Router\RouteCollection->match([...], 'objectifs/choose', 'ObjectifController::choose', [...])
 3 SYSTEMPATH/Router/RouteCollection.php(339): require('/opt/lampp/htdocs/S4/SysInf/ITU-S4-P18-PROJET-main/app/Config/Routes.php')
 4 SYSTEMPATH/CLI/Console.php(41): CodeIgniter\Router\RouteCollection->loadRoutes()
 5 SYSTEMPATH/Boot.php(442): CodeIgniter\CLI\Console->run()
 6 SYSTEMPATH/Boot.php(166): CodeIgniter\Boot::runCommand(Object(CodeIgniter\CLI\Console))
 7 ROOTPATH/spark(87): CodeIgniter\Boot::bootSpark(Object(Config\Paths))
ERROR - 2026-05-12 10:23:55 --> Duplicate entry 'admin@app.com' for key 'email'
in SYSTEMPATH/Database/MySQLi/Connection.php on line 300.
 1 SYSTEMPATH/Database/MySQLi/Connection.php(300): mysqli->query('INSERT INTO `utilisateur` (`date_naissance`, `email`, `est_gold`, `genre`, `id_role`, `mot_de_passe`, `nom`, `poids_actuel`, `solde_monnaie`, `taille`)
VALUES (\'1990-01-01\',\'admin@app.com\',0,\'homme\',1,\'$2y$10$0MbgG5ykCS1deZaFdNBH8O9lS8CYKAICA6j2LbqTySNqEl1Kshhg.\',\'Admin Système\',75,0,1.75), (\'1995-03-12\',\'alice@mail.com\',0,\'femme\',2,\'$2y$10$LPqMTwlpiC6pYO/5.NXTlOHEMejg91VcRaKyd15GOtE44mNBArxbS\',\'Alice Dupont\',72,20,1.65), (\'1988-07-22\',\'bob@mail.com\',1,\'homme\',2,\'$2y$10$LPqMTwlpiC6pYO/5.NXTlOHEMejg91VcRaKyd15GOtE44mNBArxbS\',\'Bob Martin\',95,50,1.8), (\'2000-11-05\',\'clara@mail.com\',0,\'femme\',2,\'$2y$10$LPqMTwlpiC6pYO/5.NXTlOHEMejg91VcRaKyd15GOtE44mNBArxbS\',\'Clara Rabe\',50,10,1.6), (\'1992-06-18\',\'david@mail.com\',0,\'homme\',2,\'$2y$10$LPqMTwlpiC6pYO/5.NXTlOHEMejg91VcRaKyd15GOtE44mNBArxbS\',\'David Rakoto\',85,0,1.78), (\'1998-09-30\',\'eva@mail.com\',0,\'femme\',2,\'$2y$10$LPqMTwlpiC6pYO/5.NXTlOHEMejg91VcRaKyd15GOtE44mNBArxbS\',\'Eva Rasolofo\',60,30,1.7)', 0)
 2 SYSTEMPATH/Database/BaseConnection.php(910): CodeIgniter\Database\MySQLi\Connection->execute('INSERT INTO `utilisateur` (`date_naissance`, `email`, `est_gold`, `genre`, `id_role`, `mot_de_passe`, `nom`, `poids_actuel`, `solde_monnaie`, `taille`)
VALUES (\'1990-01-01\',\'admin@app.com\',0,\'homme\',1,\'$2y$10$0MbgG5ykCS1deZaFdNBH8O9lS8CYKAICA6j2LbqTySNqEl1Kshhg.\',\'Admin Système\',75,0,1.75), (\'1995-03-12\',\'alice@mail.com\',0,\'femme\',2,\'$2y$10$LPqMTwlpiC6pYO/5.NXTlOHEMejg91VcRaKyd15GOtE44mNBArxbS\',\'Alice Dupont\',72,20,1.65), (\'1988-07-22\',\'bob@mail.com\',1,\'homme\',2,\'$2y$10$LPqMTwlpiC6pYO/5.NXTlOHEMejg91VcRaKyd15GOtE44mNBArxbS\',\'Bob Martin\',95,50,1.8), (\'2000-11-05\',\'clara@mail.com\',0,\'femme\',2,\'$2y$10$LPqMTwlpiC6pYO/5.NXTlOHEMejg91VcRaKyd15GOtE44mNBArxbS\',\'Clara Rabe\',50,10,1.6), (\'1992-06-18\',\'david@mail.com\',0,\'homme\',2,\'$2y$10$LPqMTwlpiC6pYO/5.NXTlOHEMejg91VcRaKyd15GOtE44mNBArxbS\',\'David Rakoto\',85,0,1.78), (\'1998-09-30\',\'eva@mail.com\',0,\'femme\',2,\'$2y$10$LPqMTwlpiC6pYO/5.NXTlOHEMejg91VcRaKyd15GOtE44mNBArxbS\',\'Eva Rasolofo\',60,30,1.7)')
 3 SYSTEMPATH/Database/BaseConnection.php(827): CodeIgniter\Database\BaseConnection->simpleQuery('INSERT INTO `utilisateur` (`date_naissance`, `email`, `est_gold`, `genre`, `id_role`, `mot_de_passe`, `nom`, `poids_actuel`, `solde_monnaie`, `taille`)
VALUES (\'1990-01-01\',\'admin@app.com\',0,\'homme\',1,\'$2y$10$0MbgG5ykCS1deZaFdNBH8O9lS8CYKAICA6j2LbqTySNqEl1Kshhg.\',\'Admin Système\',75,0,1.75), (\'1995-03-12\',\'alice@mail.com\',0,\'femme\',2,\'$2y$10$LPqMTwlpiC6pYO/5.NXTlOHEMejg91VcRaKyd15GOtE44mNBArxbS\',\'Alice Dupont\',72,20,1.65), (\'1988-07-22\',\'bob@mail.com\',1,\'homme\',2,\'$2y$10$LPqMTwlpiC6pYO/5.NXTlOHEMejg91VcRaKyd15GOtE44mNBArxbS\',\'Bob Martin\',95,50,1.8), (\'2000-11-05\',\'clara@mail.com\',0,\'femme\',2,\'$2y$10$LPqMTwlpiC6pYO/5.NXTlOHEMejg91VcRaKyd15GOtE44mNBArxbS\',\'Clara Rabe\',50,10,1.6), (\'1992-06-18\',\'david@mail.com\',0,\'homme\',2,\'$2y$10$LPqMTwlpiC6pYO/5.NXTlOHEMejg91VcRaKyd15GOtE44mNBArxbS\',\'David Rakoto\',85,0,1.78), (\'1998-09-30\',\'eva@mail.com\',0,\'femme\',2,\'$2y$10$LPqMTwlpiC6pYO/5.NXTlOHEMejg91VcRaKyd15GOtE44mNBArxbS\',\'Eva Rasolofo\',60,30,1.7)')
 4 SYSTEMPATH/Database/BaseBuilder.php(1841): CodeIgniter\Database\BaseConnection->query('INSERT INTO `utilisateur` (`date_naissance`, `email`, `est_gold`, `genre`, `id_role`, `mot_de_passe`, `nom`, `poids_actuel`, `solde_monnaie`, `taille`)
VALUES (\'1990-01-01\',\'admin@app.com\',0,\'homme\',1,\'$2y$10$0MbgG5ykCS1deZaFdNBH8O9lS8CYKAICA6j2LbqTySNqEl1Kshhg.\',\'Admin Système\',75,0,1.75), (\'1995-03-12\',\'alice@mail.com\',0,\'femme\',2,\'$2y$10$LPqMTwlpiC6pYO/5.NXTlOHEMejg91VcRaKyd15GOtE44mNBArxbS\',\'Alice Dupont\',72,20,1.65), (\'1988-07-22\',\'bob@mail.com\',1,\'homme\',2,\'$2y$10$LPqMTwlpiC6pYO/5.NXTlOHEMejg91VcRaKyd15GOtE44mNBArxbS\',\'Bob Martin\',95,50,1.8), (\'2000-11-05\',\'clara@mail.com\',0,\'femme\',2,\'$2y$10$LPqMTwlpiC6pYO/5.NXTlOHEMejg91VcRaKyd15GOtE44mNBArxbS\',\'Clara Rabe\',50,10,1.6), (\'1992-06-18\',\'david@mail.com\',0,\'homme\',2,\'$2y$10$LPqMTwlpiC6pYO/5.NXTlOHEMejg91VcRaKyd15GOtE44mNBArxbS\',\'David Rakoto\',85,0,1.78), (\'1998-09-30\',\'eva@mail.com\',0,\'femme\',2,\'$2y$10$LPqMTwlpiC6pYO/5.NXTlOHEMejg91VcRaKyd15GOtE44mNBArxbS\',\'Eva Rasolofo\',60,30,1.7)', null, false)
 5 SYSTEMPATH/Database/BaseBuilder.php(2230): CodeIgniter\Database\BaseBuilder->batchExecute('_insertBatch', 100)
 6 APPPATH/Database/Seeds/UtilisateurSeeder.php(87): CodeIgniter\Database\BaseBuilder->insertBatch([...])
 7 SYSTEMPATH/Database/Seeder.php(155): App\Database\Seeds\UtilisateurSeeder->run()
 8 APPPATH/Database/Seeds/DatabaseSeeder.php(14): CodeIgniter\Database\Seeder->call('App\\Database\\Seeds\\UtilisateurSeeder')
 9 SYSTEMPATH/Database/Seeder.php(155): App\Database\Seeds\DatabaseSeeder->run()
10 SYSTEMPATH/Commands/Database/Seed.php(79): CodeIgniter\Database\Seeder->call('App\\Database\\Seeds\\DatabaseSeeder')
11 SYSTEMPATH/CLI/Commands.php(74): CodeIgniter\Commands\Database\Seed->run([])
12 SYSTEMPATH/CLI/Console.php(47): CodeIgniter\CLI\Commands->run('db:seed', [...])
13 SYSTEMPATH/Boot.php(442): CodeIgniter\CLI\Console->run()
14 SYSTEMPATH/Boot.php(166): CodeIgniter\Boot::runCommand(Object(CodeIgniter\CLI\Console))
15 ROOTPATH/spark(87): CodeIgniter\Boot::bootSpark(Object(Config\Paths))
WARNING - 2026-05-12 10:24:05 --> [DEPRECATED] Passing lowercase HTTP method "get" is deprecated. Use uppercase HTTP method like "GET". in SYSTEMPATH/Router/RouteCollection.php on line 1026.
 1 SYSTEMPATH/Router/RouteCollection.php(1026): trigger_error('Passing lowercase HTTP method "get" is deprecated. Use uppercase HTTP method like "GET".', 16384)
 2 APPPATH/Config/Routes.php(12): CodeIgniter\Router\RouteCollection->match([...], 'objectifs/choose', 'ObjectifController::choose', [...])
 3 SYSTEMPATH/Router/RouteCollection.php(339): require('/opt/lampp/htdocs/S4/SysInf/ITU-S4-P18-PROJET-main/app/Config/Routes.php')
 4 SYSTEMPATH/CLI/Console.php(41): CodeIgniter\Router\RouteCollection->loadRoutes()
 5 SYSTEMPATH/Boot.php(442): CodeIgniter\CLI\Console->run()
 6 SYSTEMPATH/Boot.php(166): CodeIgniter\Boot::runCommand(Object(CodeIgniter\CLI\Console))
 7 ROOTPATH/spark(87): CodeIgniter\Boot::bootSpark(Object(Config\Paths))
WARNING - 2026-05-12 10:24:05 --> [DEPRECATED] Passing lowercase HTTP method "post" is deprecated. Use uppercase HTTP method like "POST". in SYSTEMPATH/Router/RouteCollection.php on line 1026.
 1 SYSTEMPATH/Router/RouteCollection.php(1026): trigger_error('Passing lowercase HTTP method "post" is deprecated. Use uppercase HTTP method like "POST".', 16384)
 2 APPPATH/Config/Routes.php(12): CodeIgniter\Router\RouteCollection->match([...], 'objectifs/choose', 'ObjectifController::choose', [...])
 3 SYSTEMPATH/Router/RouteCollection.php(339): require('/opt/lampp/htdocs/S4/SysInf/ITU-S4-P18-PROJET-main/app/Config/Routes.php')
 4 SYSTEMPATH/CLI/Console.php(41): CodeIgniter\Router\RouteCollection->loadRoutes()
 5 SYSTEMPATH/Boot.php(442): CodeIgniter\CLI\Console->run()
 6 SYSTEMPATH/Boot.php(166): CodeIgniter\Boot::runCommand(Object(CodeIgniter\CLI\Console))
 7 ROOTPATH/spark(87): CodeIgniter\Boot::bootSpark(Object(Config\Paths))
WARNING - 2026-05-12 10:24:09 --> [DEPRECATED] Passing lowercase HTTP method "get" is deprecated. Use uppercase HTTP method like "GET". in SYSTEMPATH/Router/RouteCollection.php on line 1026.
 1 SYSTEMPATH/Router/RouteCollection.php(1026): trigger_error('Passing lowercase HTTP method "get" is deprecated. Use uppercase HTTP method like "GET".', 16384)
 2 APPPATH/Config/Routes.php(12): CodeIgniter\Router\RouteCollection->match([...], 'objectifs/choose', 'ObjectifController::choose', [...])
 3 SYSTEMPATH/Router/RouteCollection.php(339): require('/opt/lampp/htdocs/S4/SysInf/ITU-S4-P18-PROJET-main/app/Config/Routes.php')
 4 SYSTEMPATH/CLI/Console.php(41): CodeIgniter\Router\RouteCollection->loadRoutes()
 5 SYSTEMPATH/Boot.php(442): CodeIgniter\CLI\Console->run()
 6 SYSTEMPATH/Boot.php(166): CodeIgniter\Boot::runCommand(Object(CodeIgniter\CLI\Console))
 7 ROOTPATH/spark(87): CodeIgniter\Boot::bootSpark(Object(Config\Paths))
WARNING - 2026-05-12 10:24:09 --> [DEPRECATED] Passing lowercase HTTP method "post" is deprecated. Use uppercase HTTP method like "POST". in SYSTEMPATH/Router/RouteCollection.php on line 1026.
 1 SYSTEMPATH/Router/RouteCollection.php(1026): trigger_error('Passing lowercase HTTP method "post" is deprecated. Use uppercase HTTP method like "POST".', 16384)
 2 APPPATH/Config/Routes.php(12): CodeIgniter\Router\RouteCollection->match([...], 'objectifs/choose', 'ObjectifController::choose', [...])
 3 SYSTEMPATH/Router/RouteCollection.php(339): require('/opt/lampp/htdocs/S4/SysInf/ITU-S4-P18-PROJET-main/app/Config/Routes.php')
 4 SYSTEMPATH/CLI/Console.php(41): CodeIgniter\Router\RouteCollection->loadRoutes()
 5 SYSTEMPATH/Boot.php(442): CodeIgniter\CLI\Console->run()
 6 SYSTEMPATH/Boot.php(166): CodeIgniter\Boot::runCommand(Object(CodeIgniter\CLI\Console))
 7 ROOTPATH/spark(87): CodeIgniter\Boot::bootSpark(Object(Config\Paths))
ERROR - 2026-05-12 10:24:09 --> Duplicate entry 'admin@app.com' for key 'email'
in SYSTEMPATH/Database/MySQLi/Connection.php on line 300.
 1 SYSTEMPATH/Database/MySQLi/Connection.php(300): mysqli->query('INSERT INTO `utilisateur` (`date_naissance`, `email`, `est_gold`, `genre`, `id_role`, `mot_de_passe`, `nom`, `poids_actuel`, `solde_monnaie`, `taille`)
VALUES (\'1990-01-01\',\'admin@app.com\',0,\'homme\',1,\'$2y$10$0MbgG5ykCS1deZaFdNBH8O9lS8CYKAICA6j2LbqTySNqEl1Kshhg.\',\'Admin Système\',75,0,1.75), (\'1995-03-12\',\'alice@mail.com\',0,\'femme\',2,\'$2y$10$LPqMTwlpiC6pYO/5.NXTlOHEMejg91VcRaKyd15GOtE44mNBArxbS\',\'Alice Dupont\',72,20,1.65), (\'1988-07-22\',\'bob@mail.com\',1,\'homme\',2,\'$2y$10$LPqMTwlpiC6pYO/5.NXTlOHEMejg91VcRaKyd15GOtE44mNBArxbS\',\'Bob Martin\',95,50,1.8), (\'2000-11-05\',\'clara@mail.com\',0,\'femme\',2,\'$2y$10$LPqMTwlpiC6pYO/5.NXTlOHEMejg91VcRaKyd15GOtE44mNBArxbS\',\'Clara Rabe\',50,10,1.6), (\'1992-06-18\',\'david@mail.com\',0,\'homme\',2,\'$2y$10$LPqMTwlpiC6pYO/5.NXTlOHEMejg91VcRaKyd15GOtE44mNBArxbS\',\'David Rakoto\',85,0,1.78), (\'1998-09-30\',\'eva@mail.com\',0,\'femme\',2,\'$2y$10$LPqMTwlpiC6pYO/5.NXTlOHEMejg91VcRaKyd15GOtE44mNBArxbS\',\'Eva Rasolofo\',60,30,1.7)', 0)
 2 SYSTEMPATH/Database/BaseConnection.php(910): CodeIgniter\Database\MySQLi\Connection->execute('INSERT INTO `utilisateur` (`date_naissance`, `email`, `est_gold`, `genre`, `id_role`, `mot_de_passe`, `nom`, `poids_actuel`, `solde_monnaie`, `taille`)
VALUES (\'1990-01-01\',\'admin@app.com\',0,\'homme\',1,\'$2y$10$0MbgG5ykCS1deZaFdNBH8O9lS8CYKAICA6j2LbqTySNqEl1Kshhg.\',\'Admin Système\',75,0,1.75), (\'1995-03-12\',\'alice@mail.com\',0,\'femme\',2,\'$2y$10$LPqMTwlpiC6pYO/5.NXTlOHEMejg91VcRaKyd15GOtE44mNBArxbS\',\'Alice Dupont\',72,20,1.65), (\'1988-07-22\',\'bob@mail.com\',1,\'homme\',2,\'$2y$10$LPqMTwlpiC6pYO/5.NXTlOHEMejg91VcRaKyd15GOtE44mNBArxbS\',\'Bob Martin\',95,50,1.8), (\'2000-11-05\',\'clara@mail.com\',0,\'femme\',2,\'$2y$10$LPqMTwlpiC6pYO/5.NXTlOHEMejg91VcRaKyd15GOtE44mNBArxbS\',\'Clara Rabe\',50,10,1.6), (\'1992-06-18\',\'david@mail.com\',0,\'homme\',2,\'$2y$10$LPqMTwlpiC6pYO/5.NXTlOHEMejg91VcRaKyd15GOtE44mNBArxbS\',\'David Rakoto\',85,0,1.78), (\'1998-09-30\',\'eva@mail.com\',0,\'femme\',2,\'$2y$10$LPqMTwlpiC6pYO/5.NXTlOHEMejg91VcRaKyd15GOtE44mNBArxbS\',\'Eva Rasolofo\',60,30,1.7)')
 3 SYSTEMPATH/Database/BaseConnection.php(827): CodeIgniter\Database\BaseConnection->simpleQuery('INSERT INTO `utilisateur` (`date_naissance`, `email`, `est_gold`, `genre`, `id_role`, `mot_de_passe`, `nom`, `poids_actuel`, `solde_monnaie`, `taille`)
VALUES (\'1990-01-01\',\'admin@app.com\',0,\'homme\',1,\'$2y$10$0MbgG5ykCS1deZaFdNBH8O9lS8CYKAICA6j2LbqTySNqEl1Kshhg.\',\'Admin Système\',75,0,1.75), (\'1995-03-12\',\'alice@mail.com\',0,\'femme\',2,\'$2y$10$LPqMTwlpiC6pYO/5.NXTlOHEMejg91VcRaKyd15GOtE44mNBArxbS\',\'Alice Dupont\',72,20,1.65), (\'1988-07-22\',\'bob@mail.com\',1,\'homme\',2,\'$2y$10$LPqMTwlpiC6pYO/5.NXTlOHEMejg91VcRaKyd15GOtE44mNBArxbS\',\'Bob Martin\',95,50,1.8), (\'2000-11-05\',\'clara@mail.com\',0,\'femme\',2,\'$2y$10$LPqMTwlpiC6pYO/5.NXTlOHEMejg91VcRaKyd15GOtE44mNBArxbS\',\'Clara Rabe\',50,10,1.6), (\'1992-06-18\',\'david@mail.com\',0,\'homme\',2,\'$2y$10$LPqMTwlpiC6pYO/5.NXTlOHEMejg91VcRaKyd15GOtE44mNBArxbS\',\'David Rakoto\',85,0,1.78), (\'1998-09-30\',\'eva@mail.com\',0,\'femme\',2,\'$2y$10$LPqMTwlpiC6pYO/5.NXTlOHEMejg91VcRaKyd15GOtE44mNBArxbS\',\'Eva Rasolofo\',60,30,1.7)')
 4 SYSTEMPATH/Database/BaseBuilder.php(1841): CodeIgniter\Database\BaseConnection->query('INSERT INTO `utilisateur` (`date_naissance`, `email`, `est_gold`, `genre`, `id_role`, `mot_de_passe`, `nom`, `poids_actuel`, `solde_monnaie`, `taille`)
VALUES (\'1990-01-01\',\'admin@app.com\',0,\'homme\',1,\'$2y$10$0MbgG5ykCS1deZaFdNBH8O9lS8CYKAICA6j2LbqTySNqEl1Kshhg.\',\'Admin Système\',75,0,1.75), (\'1995-03-12\',\'alice@mail.com\',0,\'femme\',2,\'$2y$10$LPqMTwlpiC6pYO/5.NXTlOHEMejg91VcRaKyd15GOtE44mNBArxbS\',\'Alice Dupont\',72,20,1.65), (\'1988-07-22\',\'bob@mail.com\',1,\'homme\',2,\'$2y$10$LPqMTwlpiC6pYO/5.NXTlOHEMejg91VcRaKyd15GOtE44mNBArxbS\',\'Bob Martin\',95,50,1.8), (\'2000-11-05\',\'clara@mail.com\',0,\'femme\',2,\'$2y$10$LPqMTwlpiC6pYO/5.NXTlOHEMejg91VcRaKyd15GOtE44mNBArxbS\',\'Clara Rabe\',50,10,1.6), (\'1992-06-18\',\'david@mail.com\',0,\'homme\',2,\'$2y$10$LPqMTwlpiC6pYO/5.NXTlOHEMejg91VcRaKyd15GOtE44mNBArxbS\',\'David Rakoto\',85,0,1.78), (\'1998-09-30\',\'eva@mail.com\',0,\'femme\',2,\'$2y$10$LPqMTwlpiC6pYO/5.NXTlOHEMejg91VcRaKyd15GOtE44mNBArxbS\',\'Eva Rasolofo\',60,30,1.7)', null, false)
 5 SYSTEMPATH/Database/BaseBuilder.php(2230): CodeIgniter\Database\BaseBuilder->batchExecute('_insertBatch', 100)
 6 APPPATH/Database/Seeds/UtilisateurSeeder.php(87): CodeIgniter\Database\BaseBuilder->insertBatch([...])
 7 SYSTEMPATH/Database/Seeder.php(155): App\Database\Seeds\UtilisateurSeeder->run()
 8 APPPATH/Database/Seeds/DatabaseSeeder.php(14): CodeIgniter\Database\Seeder->call('App\\Database\\Seeds\\UtilisateurSeeder')
 9 SYSTEMPATH/Database/Seeder.php(155): App\Database\Seeds\DatabaseSeeder->run()
10 SYSTEMPATH/Commands/Database/Seed.php(79): CodeIgniter\Database\Seeder->call('App\\Database\\Seeds\\DatabaseSeeder')
11 SYSTEMPATH/CLI/Commands.php(74): CodeIgniter\Commands\Database\Seed->run([])
12 SYSTEMPATH/CLI/Console.php(47): CodeIgniter\CLI\Commands->run('db:seed', [...])
13 SYSTEMPATH/Boot.php(442): CodeIgniter\CLI\Console->run()
14 SYSTEMPATH/Boot.php(166): CodeIgniter\Boot::runCommand(Object(CodeIgniter\CLI\Console))
15 ROOTPATH/spark(87): CodeIgniter\Boot::bootSpark(Object(Config\Paths))
WARNING - 2026-05-12 10:24:16 --> [DEPRECATED] Passing lowercase HTTP method "get" is deprecated. Use uppercase HTTP method like "GET". in SYSTEMPATH/Router/RouteCollection.php on line 1026.
 1 SYSTEMPATH/Router/RouteCollection.php(1026): trigger_error('Passing lowercase HTTP method "get" is deprecated. Use uppercase HTTP method like "GET".', 16384)
 2 APPPATH/Config/Routes.php(12): CodeIgniter\Router\RouteCollection->match([...], 'objectifs/choose', 'ObjectifController::choose', [...])
 3 SYSTEMPATH/Router/RouteCollection.php(339): require('/opt/lampp/htdocs/S4/SysInf/ITU-S4-P18-PROJET-main/app/Config/Routes.php')
 4 SYSTEMPATH/CLI/Console.php(41): CodeIgniter\Router\RouteCollection->loadRoutes()
 5 SYSTEMPATH/Boot.php(442): CodeIgniter\CLI\Console->run()
 6 SYSTEMPATH/Boot.php(166): CodeIgniter\Boot::runCommand(Object(CodeIgniter\CLI\Console))
 7 ROOTPATH/spark(87): CodeIgniter\Boot::bootSpark(Object(Config\Paths))
WARNING - 2026-05-12 10:24:16 --> [DEPRECATED] Passing lowercase HTTP method "post" is deprecated. Use uppercase HTTP method like "POST". in SYSTEMPATH/Router/RouteCollection.php on line 1026.
 1 SYSTEMPATH/Router/RouteCollection.php(1026): trigger_error('Passing lowercase HTTP method "post" is deprecated. Use uppercase HTTP method like "POST".', 16384)
 2 APPPATH/Config/Routes.php(12): CodeIgniter\Router\RouteCollection->match([...], 'objectifs/choose', 'ObjectifController::choose', [...])
 3 SYSTEMPATH/Router/RouteCollection.php(339): require('/opt/lampp/htdocs/S4/SysInf/ITU-S4-P18-PROJET-main/app/Config/Routes.php')
 4 SYSTEMPATH/CLI/Console.php(41): CodeIgniter\Router\RouteCollection->loadRoutes()
 5 SYSTEMPATH/Boot.php(442): CodeIgniter\CLI\Console->run()
 6 SYSTEMPATH/Boot.php(166): CodeIgniter\Boot::runCommand(Object(CodeIgniter\CLI\Console))
 7 ROOTPATH/spark(87): CodeIgniter\Boot::bootSpark(Object(Config\Paths))
WARNING - 2026-05-12 10:24:25 --> [DEPRECATED] Passing lowercase HTTP method "get" is deprecated. Use uppercase HTTP method like "GET". in SYSTEMPATH/Router/RouteCollection.php on line 1026.
 1 SYSTEMPATH/Router/RouteCollection.php(1026): trigger_error('Passing lowercase HTTP method "get" is deprecated. Use uppercase HTTP method like "GET".', 16384)
 2 APPPATH/Config/Routes.php(12): CodeIgniter\Router\RouteCollection->match([...], 'objectifs/choose', 'ObjectifController::choose', [...])
 3 SYSTEMPATH/Router/RouteCollection.php(339): require('/opt/lampp/htdocs/S4/SysInf/ITU-S4-P18-PROJET-main/app/Config/Routes.php')
 4 SYSTEMPATH/CodeIgniter.php(818): CodeIgniter\Router\RouteCollection->loadRoutes()
 5 SYSTEMPATH/CodeIgniter.php(441): CodeIgniter\CodeIgniter->tryToRouteIt(null)
 6 SYSTEMPATH/CodeIgniter.php(340): CodeIgniter\CodeIgniter->handleRequest(null, Object(Config\Cache), false)
 7 SYSTEMPATH/Boot.php(417): CodeIgniter\CodeIgniter->run()
 8 SYSTEMPATH/Boot.php(68): CodeIgniter\Boot::runCodeIgniter(Object(CodeIgniter\CodeIgniter))
 9 FCPATH/index.php(59): CodeIgniter\Boot::bootWeb(Object(Config\Paths))
10 SYSTEMPATH/rewrite.php(44): require_once('/opt/lampp/htdocs/S4/SysInf/ITU-S4-P18-PROJET-main/public/index.php')
WARNING - 2026-05-12 10:24:25 --> [DEPRECATED] Passing lowercase HTTP method "post" is deprecated. Use uppercase HTTP method like "POST". in SYSTEMPATH/Router/RouteCollection.php on line 1026.
 1 SYSTEMPATH/Router/RouteCollection.php(1026): trigger_error('Passing lowercase HTTP method "post" is deprecated. Use uppercase HTTP method like "POST".', 16384)
 2 APPPATH/Config/Routes.php(12): CodeIgniter\Router\RouteCollection->match([...], 'objectifs/choose', 'ObjectifController::choose', [...])
 3 SYSTEMPATH/Router/RouteCollection.php(339): require('/opt/lampp/htdocs/S4/SysInf/ITU-S4-P18-PROJET-main/app/Config/Routes.php')
 4 SYSTEMPATH/CodeIgniter.php(818): CodeIgniter\Router\RouteCollection->loadRoutes()
 5 SYSTEMPATH/CodeIgniter.php(441): CodeIgniter\CodeIgniter->tryToRouteIt(null)
 6 SYSTEMPATH/CodeIgniter.php(340): CodeIgniter\CodeIgniter->handleRequest(null, Object(Config\Cache), false)
 7 SYSTEMPATH/Boot.php(417): CodeIgniter\CodeIgniter->run()
 8 SYSTEMPATH/Boot.php(68): CodeIgniter\Boot::runCodeIgniter(Object(CodeIgniter\CodeIgniter))
 9 FCPATH/index.php(59): CodeIgniter\Boot::bootWeb(Object(Config\Paths))
10 SYSTEMPATH/rewrite.php(44): require_once('/opt/lampp/htdocs/S4/SysInf/ITU-S4-P18-PROJET-main/public/index.php')
DEBUG - 2026-05-12 10:24:25 --> Session: Class initialized using 'CodeIgniter\Session\Handlers\FileHandler' driver.
WARNING - 2026-05-12 10:24:25 --> [DEPRECATED] Passing lowercase HTTP method "get" is deprecated. Use uppercase HTTP method like "GET". in SYSTEMPATH/Router/RouteCollection.php on line 1026.
 1 SYSTEMPATH/Router/RouteCollection.php(1026): trigger_error('Passing lowercase HTTP method "get" is deprecated. Use uppercase HTTP method like "GET".', 16384)
 2 APPPATH/Config/Routes.php(12): CodeIgniter\Router\RouteCollection->match([...], 'objectifs/choose', 'ObjectifController::choose', [...])
 3 SYSTEMPATH/Router/RouteCollection.php(339): require('/opt/lampp/htdocs/S4/SysInf/ITU-S4-P18-PROJET-main/app/Config/Routes.php')
 4 SYSTEMPATH/CodeIgniter.php(818): CodeIgniter\Router\RouteCollection->loadRoutes()
 5 SYSTEMPATH/CodeIgniter.php(441): CodeIgniter\CodeIgniter->tryToRouteIt(null)
 6 SYSTEMPATH/CodeIgniter.php(340): CodeIgniter\CodeIgniter->handleRequest(null, Object(Config\Cache), false)
 7 SYSTEMPATH/Boot.php(417): CodeIgniter\CodeIgniter->run()
 8 SYSTEMPATH/Boot.php(68): CodeIgniter\Boot::runCodeIgniter(Object(CodeIgniter\CodeIgniter))
 9 FCPATH/index.php(59): CodeIgniter\Boot::bootWeb(Object(Config\Paths))
10 SYSTEMPATH/rewrite.php(44): require_once('/opt/lampp/htdocs/S4/SysInf/ITU-S4-P18-PROJET-main/public/index.php')
WARNING - 2026-05-12 10:24:25 --> [DEPRECATED] Passing lowercase HTTP method "post" is deprecated. Use uppercase HTTP method like "POST". in SYSTEMPATH/Router/RouteCollection.php on line 1026.
 1 SYSTEMPATH/Router/RouteCollection.php(1026): trigger_error('Passing lowercase HTTP method "post" is deprecated. Use uppercase HTTP method like "POST".', 16384)
 2 APPPATH/Config/Routes.php(12): CodeIgniter\Router\RouteCollection->match([...], 'objectifs/choose', 'ObjectifController::choose', [...])
 3 SYSTEMPATH/Router/RouteCollection.php(339): require('/opt/lampp/htdocs/S4/SysInf/ITU-S4-P18-PROJET-main/app/Config/Routes.php')
 4 SYSTEMPATH/CodeIgniter.php(818): CodeIgniter\Router\RouteCollection->loadRoutes()
 5 SYSTEMPATH/CodeIgniter.php(441): CodeIgniter\CodeIgniter->tryToRouteIt(null)
 6 SYSTEMPATH/CodeIgniter.php(340): CodeIgniter\CodeIgniter->handleRequest(null, Object(Config\Cache), false)
 7 SYSTEMPATH/Boot.php(417): CodeIgniter\CodeIgniter->run()
 8 SYSTEMPATH/Boot.php(68): CodeIgniter\Boot::runCodeIgniter(Object(CodeIgniter\CodeIgniter))
 9 FCPATH/index.php(59): CodeIgniter\Boot::bootWeb(Object(Config\Paths))
10 SYSTEMPATH/rewrite.php(44): require_once('/opt/lampp/htdocs/S4/SysInf/ITU-S4-P18-PROJET-main/public/index.php')
WARNING - 2026-05-12 10:24:27 --> [DEPRECATED] Passing lowercase HTTP method "get" is deprecated. Use uppercase HTTP method like "GET". in SYSTEMPATH/Router/RouteCollection.php on line 1026.
 1 SYSTEMPATH/Router/RouteCollection.php(1026): trigger_error('Passing lowercase HTTP method "get" is deprecated. Use uppercase HTTP method like "GET".', 16384)
 2 APPPATH/Config/Routes.php(12): CodeIgniter\Router\RouteCollection->match([...], 'objectifs/choose', 'ObjectifController::choose', [...])
 3 SYSTEMPATH/Router/RouteCollection.php(339): require('/opt/lampp/htdocs/S4/SysInf/ITU-S4-P18-PROJET-main/app/Config/Routes.php')
 4 SYSTEMPATH/CodeIgniter.php(818): CodeIgniter\Router\RouteCollection->loadRoutes()
 5 SYSTEMPATH/CodeIgniter.php(441): CodeIgniter\CodeIgniter->tryToRouteIt(null)
 6 SYSTEMPATH/CodeIgniter.php(340): CodeIgniter\CodeIgniter->handleRequest(null, Object(Config\Cache), false)
 7 SYSTEMPATH/Boot.php(417): CodeIgniter\CodeIgniter->run()
 8 SYSTEMPATH/Boot.php(68): CodeIgniter\Boot::runCodeIgniter(Object(CodeIgniter\CodeIgniter))
 9 FCPATH/index.php(59): CodeIgniter\Boot::bootWeb(Object(Config\Paths))
10 SYSTEMPATH/rewrite.php(44): require_once('/opt/lampp/htdocs/S4/SysInf/ITU-S4-P18-PROJET-main/public/index.php')
WARNING - 2026-05-12 10:24:27 --> [DEPRECATED] Passing lowercase HTTP method "post" is deprecated. Use uppercase HTTP method like "POST". in SYSTEMPATH/Router/RouteCollection.php on line 1026.
 1 SYSTEMPATH/Router/RouteCollection.php(1026): trigger_error('Passing lowercase HTTP method "post" is deprecated. Use uppercase HTTP method like "POST".', 16384)
 2 APPPATH/Config/Routes.php(12): CodeIgniter\Router\RouteCollection->match([...], 'objectifs/choose', 'ObjectifController::choose', [...])
 3 SYSTEMPATH/Router/RouteCollection.php(339): require('/opt/lampp/htdocs/S4/SysInf/ITU-S4-P18-PROJET-main/app/Config/Routes.php')
 4 SYSTEMPATH/CodeIgniter.php(818): CodeIgniter\Router\RouteCollection->loadRoutes()
 5 SYSTEMPATH/CodeIgniter.php(441): CodeIgniter\CodeIgniter->tryToRouteIt(null)
 6 SYSTEMPATH/CodeIgniter.php(340): CodeIgniter\CodeIgniter->handleRequest(null, Object(Config\Cache), false)
 7 SYSTEMPATH/Boot.php(417): CodeIgniter\CodeIgniter->run()
 8 SYSTEMPATH/Boot.php(68): CodeIgniter\Boot::runCodeIgniter(Object(CodeIgniter\CodeIgniter))
 9 FCPATH/index.php(59): CodeIgniter\Boot::bootWeb(Object(Config\Paths))
10 SYSTEMPATH/rewrite.php(44): require_once('/opt/lampp/htdocs/S4/SysInf/ITU-S4-P18-PROJET-main/public/index.php')
DEBUG - 2026-05-12 10:24:27 --> Session: Class initialized using 'CodeIgniter\Session\Handlers\FileHandler' driver.
WARNING - 2026-05-12 10:24:27 --> [DEPRECATED] Passing lowercase HTTP method "get" is deprecated. Use uppercase HTTP method like "GET". in SYSTEMPATH/Router/RouteCollection.php on line 1026.
 1 SYSTEMPATH/Router/RouteCollection.php(1026): trigger_error('Passing lowercase HTTP method "get" is deprecated. Use uppercase HTTP method like "GET".', 16384)
 2 APPPATH/Config/Routes.php(12): CodeIgniter\Router\RouteCollection->match([...], 'objectifs/choose', 'ObjectifController::choose', [...])
 3 SYSTEMPATH/Router/RouteCollection.php(339): require('/opt/lampp/htdocs/S4/SysInf/ITU-S4-P18-PROJET-main/app/Config/Routes.php')
 4 SYSTEMPATH/CodeIgniter.php(818): CodeIgniter\Router\RouteCollection->loadRoutes()
 5 SYSTEMPATH/CodeIgniter.php(441): CodeIgniter\CodeIgniter->tryToRouteIt(null)
 6 SYSTEMPATH/CodeIgniter.php(340): CodeIgniter\CodeIgniter->handleRequest(null, Object(Config\Cache), false)
 7 SYSTEMPATH/Boot.php(417): CodeIgniter\CodeIgniter->run()
 8 SYSTEMPATH/Boot.php(68): CodeIgniter\Boot::runCodeIgniter(Object(CodeIgniter\CodeIgniter))
 9 FCPATH/index.php(59): CodeIgniter\Boot::bootWeb(Object(Config\Paths))
10 SYSTEMPATH/rewrite.php(44): require_once('/opt/lampp/htdocs/S4/SysInf/ITU-S4-P18-PROJET-main/public/index.php')
WARNING - 2026-05-12 10:24:27 --> [DEPRECATED] Passing lowercase HTTP method "post" is deprecated. Use uppercase HTTP method like "POST". in SYSTEMPATH/Router/RouteCollection.php on line 1026.
 1 SYSTEMPATH/Router/RouteCollection.php(1026): trigger_error('Passing lowercase HTTP method "post" is deprecated. Use uppercase HTTP method like "POST".', 16384)
 2 APPPATH/Config/Routes.php(12): CodeIgniter\Router\RouteCollection->match([...], 'objectifs/choose', 'ObjectifController::choose', [...])
 3 SYSTEMPATH/Router/RouteCollection.php(339): require('/opt/lampp/htdocs/S4/SysInf/ITU-S4-P18-PROJET-main/app/Config/Routes.php')
 4 SYSTEMPATH/CodeIgniter.php(818): CodeIgniter\Router\RouteCollection->loadRoutes()
 5 SYSTEMPATH/CodeIgniter.php(441): CodeIgniter\CodeIgniter->tryToRouteIt(null)
 6 SYSTEMPATH/CodeIgniter.php(340): CodeIgniter\CodeIgniter->handleRequest(null, Object(Config\Cache), false)
 7 SYSTEMPATH/Boot.php(417): CodeIgniter\CodeIgniter->run()
 8 SYSTEMPATH/Boot.php(68): CodeIgniter\Boot::runCodeIgniter(Object(CodeIgniter\CodeIgniter))
 9 FCPATH/index.php(59): CodeIgniter\Boot::bootWeb(Object(Config\Paths))
10 SYSTEMPATH/rewrite.php(44): require_once('/opt/lampp/htdocs/S4/SysInf/ITU-S4-P18-PROJET-main/public/index.php')
DEBUG - 2026-05-12 10:24:27 --> Session: Class initialized using 'CodeIgniter\Session\Handlers\FileHandler' driver.
WARNING - 2026-05-12 10:24:27 --> [DEPRECATED] Passing lowercase HTTP method "get" is deprecated. Use uppercase HTTP method like "GET". in SYSTEMPATH/Router/RouteCollection.php on line 1026.
 1 SYSTEMPATH/Router/RouteCollection.php(1026): trigger_error('Passing lowercase HTTP method "get" is deprecated. Use uppercase HTTP method like "GET".', 16384)
 2 APPPATH/Config/Routes.php(12): CodeIgniter\Router\RouteCollection->match([...], 'objectifs/choose', 'ObjectifController::choose', [...])
 3 SYSTEMPATH/Router/RouteCollection.php(339): require('/opt/lampp/htdocs/S4/SysInf/ITU-S4-P18-PROJET-main/app/Config/Routes.php')
 4 SYSTEMPATH/CodeIgniter.php(818): CodeIgniter\Router\RouteCollection->loadRoutes()
 5 SYSTEMPATH/CodeIgniter.php(441): CodeIgniter\CodeIgniter->tryToRouteIt(null)
 6 SYSTEMPATH/CodeIgniter.php(340): CodeIgniter\CodeIgniter->handleRequest(null, Object(Config\Cache), false)
 7 SYSTEMPATH/Boot.php(417): CodeIgniter\CodeIgniter->run()
 8 SYSTEMPATH/Boot.php(68): CodeIgniter\Boot::runCodeIgniter(Object(CodeIgniter\CodeIgniter))
 9 FCPATH/index.php(59): CodeIgniter\Boot::bootWeb(Object(Config\Paths))
10 SYSTEMPATH/rewrite.php(44): require_once('/opt/lampp/htdocs/S4/SysInf/ITU-S4-P18-PROJET-main/public/index.php')
WARNING - 2026-05-12 10:24:27 --> [DEPRECATED] Passing lowercase HTTP method "post" is deprecated. Use uppercase HTTP method like "POST". in SYSTEMPATH/Router/RouteCollection.php on line 1026.
 1 SYSTEMPATH/Router/RouteCollection.php(1026): trigger_error('Passing lowercase HTTP method "post" is deprecated. Use uppercase HTTP method like "POST".', 16384)
 2 APPPATH/Config/Routes.php(12): CodeIgniter\Router\RouteCollection->match([...], 'objectifs/choose', 'ObjectifController::choose', [...])
 3 SYSTEMPATH/Router/RouteCollection.php(339): require('/opt/lampp/htdocs/S4/SysInf/ITU-S4-P18-PROJET-main/app/Config/Routes.php')
 4 SYSTEMPATH/CodeIgniter.php(818): CodeIgniter\Router\RouteCollection->loadRoutes()
 5 SYSTEMPATH/CodeIgniter.php(441): CodeIgniter\CodeIgniter->tryToRouteIt(null)
 6 SYSTEMPATH/CodeIgniter.php(340): CodeIgniter\CodeIgniter->handleRequest(null, Object(Config\Cache), false)
 7 SYSTEMPATH/Boot.php(417): CodeIgniter\CodeIgniter->run()
 8 SYSTEMPATH/Boot.php(68): CodeIgniter\Boot::runCodeIgniter(Object(CodeIgniter\CodeIgniter))
 9 FCPATH/index.php(59): CodeIgniter\Boot::bootWeb(Object(Config\Paths))
10 SYSTEMPATH/rewrite.php(44): require_once('/opt/lampp/htdocs/S4/SysInf/ITU-S4-P18-PROJET-main/public/index.php')
DEBUG - 2026-05-12 10:24:27 --> Session: Class initialized using 'CodeIgniter\Session\Handlers\FileHandler' driver.
WARNING - 2026-05-12 10:24:29 --> [DEPRECATED] Passing lowercase HTTP method "get" is deprecated. Use uppercase HTTP method like "GET". in SYSTEMPATH/Router/RouteCollection.php on line 1026.
 1 SYSTEMPATH/Router/RouteCollection.php(1026): trigger_error('Passing lowercase HTTP method "get" is deprecated. Use uppercase HTTP method like "GET".', 16384)
 2 APPPATH/Config/Routes.php(12): CodeIgniter\Router\RouteCollection->match([...], 'objectifs/choose', 'ObjectifController::choose', [...])
 3 SYSTEMPATH/Router/RouteCollection.php(339): require('/opt/lampp/htdocs/S4/SysInf/ITU-S4-P18-PROJET-main/app/Config/Routes.php')
 4 SYSTEMPATH/CodeIgniter.php(818): CodeIgniter\Router\RouteCollection->loadRoutes()
 5 SYSTEMPATH/CodeIgniter.php(441): CodeIgniter\CodeIgniter->tryToRouteIt(null)
 6 SYSTEMPATH/CodeIgniter.php(340): CodeIgniter\CodeIgniter->handleRequest(null, Object(Config\Cache), false)
 7 SYSTEMPATH/Boot.php(417): CodeIgniter\CodeIgniter->run()
 8 SYSTEMPATH/Boot.php(68): CodeIgniter\Boot::runCodeIgniter(Object(CodeIgniter\CodeIgniter))
 9 FCPATH/index.php(59): CodeIgniter\Boot::bootWeb(Object(Config\Paths))
10 SYSTEMPATH/rewrite.php(44): require_once('/opt/lampp/htdocs/S4/SysInf/ITU-S4-P18-PROJET-main/public/index.php')
WARNING - 2026-05-12 10:24:29 --> [DEPRECATED] Passing lowercase HTTP method "post" is deprecated. Use uppercase HTTP method like "POST". in SYSTEMPATH/Router/RouteCollection.php on line 1026.
 1 SYSTEMPATH/Router/RouteCollection.php(1026): trigger_error('Passing lowercase HTTP method "post" is deprecated. Use uppercase HTTP method like "POST".', 16384)
 2 APPPATH/Config/Routes.php(12): CodeIgniter\Router\RouteCollection->match([...], 'objectifs/choose', 'ObjectifController::choose', [...])
 3 SYSTEMPATH/Router/RouteCollection.php(339): require('/opt/lampp/htdocs/S4/SysInf/ITU-S4-P18-PROJET-main/app/Config/Routes.php')
 4 SYSTEMPATH/CodeIgniter.php(818): CodeIgniter\Router\RouteCollection->loadRoutes()
 5 SYSTEMPATH/CodeIgniter.php(441): CodeIgniter\CodeIgniter->tryToRouteIt(null)
 6 SYSTEMPATH/CodeIgniter.php(340): CodeIgniter\CodeIgniter->handleRequest(null, Object(Config\Cache), false)
 7 SYSTEMPATH/Boot.php(417): CodeIgniter\CodeIgniter->run()
 8 SYSTEMPATH/Boot.php(68): CodeIgniter\Boot::runCodeIgniter(Object(CodeIgniter\CodeIgniter))
 9 FCPATH/index.php(59): CodeIgniter\Boot::bootWeb(Object(Config\Paths))
10 SYSTEMPATH/rewrite.php(44): require_once('/opt/lampp/htdocs/S4/SysInf/ITU-S4-P18-PROJET-main/public/index.php')
DEBUG - 2026-05-12 10:24:29 --> Session: Class initialized using 'CodeIgniter\Session\Handlers\FileHandler' driver.
WARNING - 2026-05-12 10:24:29 --> [DEPRECATED] Passing lowercase HTTP method "get" is deprecated. Use uppercase HTTP method like "GET". in SYSTEMPATH/Router/RouteCollection.php on line 1026.
 1 SYSTEMPATH/Router/RouteCollection.php(1026): trigger_error('Passing lowercase HTTP method "get" is deprecated. Use uppercase HTTP method like "GET".', 16384)
 2 APPPATH/Config/Routes.php(12): CodeIgniter\Router\RouteCollection->match([...], 'objectifs/choose', 'ObjectifController::choose', [...])
 3 SYSTEMPATH/Router/RouteCollection.php(339): require('/opt/lampp/htdocs/S4/SysInf/ITU-S4-P18-PROJET-main/app/Config/Routes.php')
 4 SYSTEMPATH/CodeIgniter.php(818): CodeIgniter\Router\RouteCollection->loadRoutes()
 5 SYSTEMPATH/CodeIgniter.php(441): CodeIgniter\CodeIgniter->tryToRouteIt(null)
 6 SYSTEMPATH/CodeIgniter.php(340): CodeIgniter\CodeIgniter->handleRequest(null, Object(Config\Cache), false)
 7 SYSTEMPATH/Boot.php(417): CodeIgniter\CodeIgniter->run()
 8 SYSTEMPATH/Boot.php(68): CodeIgniter\Boot::runCodeIgniter(Object(CodeIgniter\CodeIgniter))
 9 FCPATH/index.php(59): CodeIgniter\Boot::bootWeb(Object(Config\Paths))
10 SYSTEMPATH/rewrite.php(44): require_once('/opt/lampp/htdocs/S4/SysInf/ITU-S4-P18-PROJET-main/public/index.php')
WARNING - 2026-05-12 10:24:29 --> [DEPRECATED] Passing lowercase HTTP method "post" is deprecated. Use uppercase HTTP method like "POST". in SYSTEMPATH/Router/RouteCollection.php on line 1026.
 1 SYSTEMPATH/Router/RouteCollection.php(1026): trigger_error('Passing lowercase HTTP method "post" is deprecated. Use uppercase HTTP method like "POST".', 16384)
 2 APPPATH/Config/Routes.php(12): CodeIgniter\Router\RouteCollection->match([...], 'objectifs/choose', 'ObjectifController::choose', [...])
 3 SYSTEMPATH/Router/RouteCollection.php(339): require('/opt/lampp/htdocs/S4/SysInf/ITU-S4-P18-PROJET-main/app/Config/Routes.php')
 4 SYSTEMPATH/CodeIgniter.php(818): CodeIgniter\Router\RouteCollection->loadRoutes()
 5 SYSTEMPATH/CodeIgniter.php(441): CodeIgniter\CodeIgniter->tryToRouteIt(null)
 6 SYSTEMPATH/CodeIgniter.php(340): CodeIgniter\CodeIgniter->handleRequest(null, Object(Config\Cache), false)
 7 SYSTEMPATH/Boot.php(417): CodeIgniter\CodeIgniter->run()
 8 SYSTEMPATH/Boot.php(68): CodeIgniter\Boot::runCodeIgniter(Object(CodeIgniter\CodeIgniter))
 9 FCPATH/index.php(59): CodeIgniter\Boot::bootWeb(Object(Config\Paths))
10 SYSTEMPATH/rewrite.php(44): require_once('/opt/lampp/htdocs/S4/SysInf/ITU-S4-P18-PROJET-main/public/index.php')
WARNING - 2026-05-12 10:24:32 --> [DEPRECATED] Passing lowercase HTTP method "get" is deprecated. Use uppercase HTTP method like "GET". in SYSTEMPATH/Router/RouteCollection.php on line 1026.
 1 SYSTEMPATH/Router/RouteCollection.php(1026): trigger_error('Passing lowercase HTTP method "get" is deprecated. Use uppercase HTTP method like "GET".', 16384)
 2 APPPATH/Config/Routes.php(12): CodeIgniter\Router\RouteCollection->match([...], 'objectifs/choose', 'ObjectifController::choose', [...])
 3 SYSTEMPATH/Router/RouteCollection.php(339): require('/opt/lampp/htdocs/S4/SysInf/ITU-S4-P18-PROJET-main/app/Config/Routes.php')
 4 SYSTEMPATH/CodeIgniter.php(818): CodeIgniter\Router\RouteCollection->loadRoutes()
 5 SYSTEMPATH/CodeIgniter.php(441): CodeIgniter\CodeIgniter->tryToRouteIt(null)
 6 SYSTEMPATH/CodeIgniter.php(340): CodeIgniter\CodeIgniter->handleRequest(null, Object(Config\Cache), false)
 7 SYSTEMPATH/Boot.php(417): CodeIgniter\CodeIgniter->run()
 8 SYSTEMPATH/Boot.php(68): CodeIgniter\Boot::runCodeIgniter(Object(CodeIgniter\CodeIgniter))
 9 FCPATH/index.php(59): CodeIgniter\Boot::bootWeb(Object(Config\Paths))
10 SYSTEMPATH/rewrite.php(44): require_once('/opt/lampp/htdocs/S4/SysInf/ITU-S4-P18-PROJET-main/public/index.php')
WARNING - 2026-05-12 10:24:32 --> [DEPRECATED] Passing lowercase HTTP method "post" is deprecated. Use uppercase HTTP method like "POST". in SYSTEMPATH/Router/RouteCollection.php on line 1026.
 1 SYSTEMPATH/Router/RouteCollection.php(1026): trigger_error('Passing lowercase HTTP method "post" is deprecated. Use uppercase HTTP method like "POST".', 16384)
 2 APPPATH/Config/Routes.php(12): CodeIgniter\Router\RouteCollection->match([...], 'objectifs/choose', 'ObjectifController::choose', [...])
 3 SYSTEMPATH/Router/RouteCollection.php(339): require('/opt/lampp/htdocs/S4/SysInf/ITU-S4-P18-PROJET-main/app/Config/Routes.php')
 4 SYSTEMPATH/CodeIgniter.php(818): CodeIgniter\Router\RouteCollection->loadRoutes()
 5 SYSTEMPATH/CodeIgniter.php(441): CodeIgniter\CodeIgniter->tryToRouteIt(null)
 6 SYSTEMPATH/CodeIgniter.php(340): CodeIgniter\CodeIgniter->handleRequest(null, Object(Config\Cache), false)
 7 SYSTEMPATH/Boot.php(417): CodeIgniter\CodeIgniter->run()
 8 SYSTEMPATH/Boot.php(68): CodeIgniter\Boot::runCodeIgniter(Object(CodeIgniter\CodeIgniter))
 9 FCPATH/index.php(59): CodeIgniter\Boot::bootWeb(Object(Config\Paths))
10 SYSTEMPATH/rewrite.php(44): require_once('/opt/lampp/htdocs/S4/SysInf/ITU-S4-P18-PROJET-main/public/index.php')
DEBUG - 2026-05-12 10:24:32 --> Session: Class initialized using 'CodeIgniter\Session\Handlers\FileHandler' driver.
WARNING - 2026-05-12 10:24:57 --> [DEPRECATED] Passing lowercase HTTP method "get" is deprecated. Use uppercase HTTP method like "GET". in SYSTEMPATH/Router/RouteCollection.php on line 1026.
 1 SYSTEMPATH/Router/RouteCollection.php(1026): trigger_error('Passing lowercase HTTP method "get" is deprecated. Use uppercase HTTP method like "GET".', 16384)
 2 APPPATH/Config/Routes.php(12): CodeIgniter\Router\RouteCollection->match([...], 'objectifs/choose', 'ObjectifController::choose', [...])
 3 SYSTEMPATH/Router/RouteCollection.php(339): require('/opt/lampp/htdocs/S4/SysInf/ITU-S4-P18-PROJET-main/app/Config/Routes.php')
 4 SYSTEMPATH/CodeIgniter.php(818): CodeIgniter\Router\RouteCollection->loadRoutes()
 5 SYSTEMPATH/CodeIgniter.php(441): CodeIgniter\CodeIgniter->tryToRouteIt(null)
 6 SYSTEMPATH/CodeIgniter.php(340): CodeIgniter\CodeIgniter->handleRequest(null, Object(Config\Cache), false)
 7 SYSTEMPATH/Boot.php(417): CodeIgniter\CodeIgniter->run()
 8 SYSTEMPATH/Boot.php(68): CodeIgniter\Boot::runCodeIgniter(Object(CodeIgniter\CodeIgniter))
 9 FCPATH/index.php(59): CodeIgniter\Boot::bootWeb(Object(Config\Paths))
10 SYSTEMPATH/rewrite.php(44): require_once('/opt/lampp/htdocs/S4/SysInf/ITU-S4-P18-PROJET-main/public/index.php')
WARNING - 2026-05-12 10:24:57 --> [DEPRECATED] Passing lowercase HTTP method "post" is deprecated. Use uppercase HTTP method like "POST". in SYSTEMPATH/Router/RouteCollection.php on line 1026.
 1 SYSTEMPATH/Router/RouteCollection.php(1026): trigger_error('Passing lowercase HTTP method "post" is deprecated. Use uppercase HTTP method like "POST".', 16384)
 2 APPPATH/Config/Routes.php(12): CodeIgniter\Router\RouteCollection->match([...], 'objectifs/choose', 'ObjectifController::choose', [...])
 3 SYSTEMPATH/Router/RouteCollection.php(339): require('/opt/lampp/htdocs/S4/SysInf/ITU-S4-P18-PROJET-main/app/Config/Routes.php')
 4 SYSTEMPATH/CodeIgniter.php(818): CodeIgniter\Router\RouteCollection->loadRoutes()
 5 SYSTEMPATH/CodeIgniter.php(441): CodeIgniter\CodeIgniter->tryToRouteIt(null)
 6 SYSTEMPATH/CodeIgniter.php(340): CodeIgniter\CodeIgniter->handleRequest(null, Object(Config\Cache), false)
 7 SYSTEMPATH/Boot.php(417): CodeIgniter\CodeIgniter->run()
 8 SYSTEMPATH/Boot.php(68): CodeIgniter\Boot::runCodeIgniter(Object(CodeIgniter\CodeIgniter))
 9 FCPATH/index.php(59): CodeIgniter\Boot::bootWeb(Object(Config\Paths))
10 SYSTEMPATH/rewrite.php(44): require_once('/opt/lampp/htdocs/S4/SysInf/ITU-S4-P18-PROJET-main/public/index.php')
WARNING - 2026-05-12 10:25:10 --> [DEPRECATED] Passing lowercase HTTP method "get" is deprecated. Use uppercase HTTP method like "GET". in SYSTEMPATH/Router/RouteCollection.php on line 1026.
 1 SYSTEMPATH/Router/RouteCollection.php(1026): trigger_error('Passing lowercase HTTP method "get" is deprecated. Use uppercase HTTP method like "GET".', 16384)
 2 APPPATH/Config/Routes.php(12): CodeIgniter\Router\RouteCollection->match([...], 'objectifs/choose', 'ObjectifController::choose', [...])
 3 SYSTEMPATH/Router/RouteCollection.php(339): require('/opt/lampp/htdocs/S4/SysInf/ITU-S4-P18-PROJET-main/app/Config/Routes.php')
 4 SYSTEMPATH/CodeIgniter.php(818): CodeIgniter\Router\RouteCollection->loadRoutes()
 5 SYSTEMPATH/CodeIgniter.php(441): CodeIgniter\CodeIgniter->tryToRouteIt(null)
 6 SYSTEMPATH/CodeIgniter.php(340): CodeIgniter\CodeIgniter->handleRequest(null, Object(Config\Cache), false)
 7 SYSTEMPATH/Boot.php(417): CodeIgniter\CodeIgniter->run()
 8 SYSTEMPATH/Boot.php(68): CodeIgniter\Boot::runCodeIgniter(Object(CodeIgniter\CodeIgniter))
 9 FCPATH/index.php(59): CodeIgniter\Boot::bootWeb(Object(Config\Paths))
10 SYSTEMPATH/rewrite.php(44): require_once('/opt/lampp/htdocs/S4/SysInf/ITU-S4-P18-PROJET-main/public/index.php')
WARNING - 2026-05-12 10:25:10 --> [DEPRECATED] Passing lowercase HTTP method "post" is deprecated. Use uppercase HTTP method like "POST". in SYSTEMPATH/Router/RouteCollection.php on line 1026.
 1 SYSTEMPATH/Router/RouteCollection.php(1026): trigger_error('Passing lowercase HTTP method "post" is deprecated. Use uppercase HTTP method like "POST".', 16384)
 2 APPPATH/Config/Routes.php(12): CodeIgniter\Router\RouteCollection->match([...], 'objectifs/choose', 'ObjectifController::choose', [...])
 3 SYSTEMPATH/Router/RouteCollection.php(339): require('/opt/lampp/htdocs/S4/SysInf/ITU-S4-P18-PROJET-main/app/Config/Routes.php')
 4 SYSTEMPATH/CodeIgniter.php(818): CodeIgniter\Router\RouteCollection->loadRoutes()
 5 SYSTEMPATH/CodeIgniter.php(441): CodeIgniter\CodeIgniter->tryToRouteIt(null)
 6 SYSTEMPATH/CodeIgniter.php(340): CodeIgniter\CodeIgniter->handleRequest(null, Object(Config\Cache), false)
 7 SYSTEMPATH/Boot.php(417): CodeIgniter\CodeIgniter->run()
 8 SYSTEMPATH/Boot.php(68): CodeIgniter\Boot::runCodeIgniter(Object(CodeIgniter\CodeIgniter))
 9 FCPATH/index.php(59): CodeIgniter\Boot::bootWeb(Object(Config\Paths))
10 SYSTEMPATH/rewrite.php(44): require_once('/opt/lampp/htdocs/S4/SysInf/ITU-S4-P18-PROJET-main/public/index.php')
WARNING - 2026-05-12 10:25:14 --> [DEPRECATED] Passing lowercase HTTP method "get" is deprecated. Use uppercase HTTP method like "GET". in SYSTEMPATH/Router/RouteCollection.php on line 1026.
 1 SYSTEMPATH/Router/RouteCollection.php(1026): trigger_error('Passing lowercase HTTP method "get" is deprecated. Use uppercase HTTP method like "GET".', 16384)
 2 APPPATH/Config/Routes.php(12): CodeIgniter\Router\RouteCollection->match([...], 'objectifs/choose', 'ObjectifController::choose', [...])
 3 SYSTEMPATH/Router/RouteCollection.php(339): require('/opt/lampp/htdocs/S4/SysInf/ITU-S4-P18-PROJET-main/app/Config/Routes.php')
 4 SYSTEMPATH/CodeIgniter.php(818): CodeIgniter\Router\RouteCollection->loadRoutes()
 5 SYSTEMPATH/CodeIgniter.php(441): CodeIgniter\CodeIgniter->tryToRouteIt(null)
 6 SYSTEMPATH/CodeIgniter.php(340): CodeIgniter\CodeIgniter->handleRequest(null, Object(Config\Cache), false)
 7 SYSTEMPATH/Boot.php(417): CodeIgniter\CodeIgniter->run()
 8 SYSTEMPATH/Boot.php(68): CodeIgniter\Boot::runCodeIgniter(Object(CodeIgniter\CodeIgniter))
 9 FCPATH/index.php(59): CodeIgniter\Boot::bootWeb(Object(Config\Paths))
10 SYSTEMPATH/rewrite.php(44): require_once('/opt/lampp/htdocs/S4/SysInf/ITU-S4-P18-PROJET-main/public/index.php')
WARNING - 2026-05-12 10:25:14 --> [DEPRECATED] Passing lowercase HTTP method "post" is deprecated. Use uppercase HTTP method like "POST". in SYSTEMPATH/Router/RouteCollection.php on line 1026.
 1 SYSTEMPATH/Router/RouteCollection.php(1026): trigger_error('Passing lowercase HTTP method "post" is deprecated. Use uppercase HTTP method like "POST".', 16384)
 2 APPPATH/Config/Routes.php(12): CodeIgniter\Router\RouteCollection->match([...], 'objectifs/choose', 'ObjectifController::choose', [...])
 3 SYSTEMPATH/Router/RouteCollection.php(339): require('/opt/lampp/htdocs/S4/SysInf/ITU-S4-P18-PROJET-main/app/Config/Routes.php')
 4 SYSTEMPATH/CodeIgniter.php(818): CodeIgniter\Router\RouteCollection->loadRoutes()
 5 SYSTEMPATH/CodeIgniter.php(441): CodeIgniter\CodeIgniter->tryToRouteIt(null)
 6 SYSTEMPATH/CodeIgniter.php(340): CodeIgniter\CodeIgniter->handleRequest(null, Object(Config\Cache), false)
 7 SYSTEMPATH/Boot.php(417): CodeIgniter\CodeIgniter->run()
 8 SYSTEMPATH/Boot.php(68): CodeIgniter\Boot::runCodeIgniter(Object(CodeIgniter\CodeIgniter))
 9 FCPATH/index.php(59): CodeIgniter\Boot::bootWeb(Object(Config\Paths))
10 SYSTEMPATH/rewrite.php(44): require_once('/opt/lampp/htdocs/S4/SysInf/ITU-S4-P18-PROJET-main/public/index.php')
WARNING - 2026-05-12 10:25:33 --> [DEPRECATED] Passing lowercase HTTP method "get" is deprecated. Use uppercase HTTP method like "GET". in SYSTEMPATH/Router/RouteCollection.php on line 1026.
 1 SYSTEMPATH/Router/RouteCollection.php(1026): trigger_error('Passing lowercase HTTP method "get" is deprecated. Use uppercase HTTP method like "GET".', 16384)
 2 APPPATH/Config/Routes.php(12): CodeIgniter\Router\RouteCollection->match([...], 'objectifs/choose', 'ObjectifController::choose', [...])
 3 SYSTEMPATH/Router/RouteCollection.php(339): require('/opt/lampp/htdocs/S4/SysInf/ITU-S4-P18-PROJET-main/app/Config/Routes.php')
 4 SYSTEMPATH/CodeIgniter.php(818): CodeIgniter\Router\RouteCollection->loadRoutes()
 5 SYSTEMPATH/CodeIgniter.php(441): CodeIgniter\CodeIgniter->tryToRouteIt(null)
 6 SYSTEMPATH/CodeIgniter.php(340): CodeIgniter\CodeIgniter->handleRequest(null, Object(Config\Cache), false)
 7 SYSTEMPATH/Boot.php(417): CodeIgniter\CodeIgniter->run()
 8 SYSTEMPATH/Boot.php(68): CodeIgniter\Boot::runCodeIgniter(Object(CodeIgniter\CodeIgniter))
 9 FCPATH/index.php(59): CodeIgniter\Boot::bootWeb(Object(Config\Paths))
10 SYSTEMPATH/rewrite.php(44): require_once('/opt/lampp/htdocs/S4/SysInf/ITU-S4-P18-PROJET-main/public/index.php')
WARNING - 2026-05-12 10:25:33 --> [DEPRECATED] Passing lowercase HTTP method "post" is deprecated. Use uppercase HTTP method like "POST". in SYSTEMPATH/Router/RouteCollection.php on line 1026.
 1 SYSTEMPATH/Router/RouteCollection.php(1026): trigger_error('Passing lowercase HTTP method "post" is deprecated. Use uppercase HTTP method like "POST".', 16384)
 2 APPPATH/Config/Routes.php(12): CodeIgniter\Router\RouteCollection->match([...], 'objectifs/choose', 'ObjectifController::choose', [...])
 3 SYSTEMPATH/Router/RouteCollection.php(339): require('/opt/lampp/htdocs/S4/SysInf/ITU-S4-P18-PROJET-main/app/Config/Routes.php')
 4 SYSTEMPATH/CodeIgniter.php(818): CodeIgniter\Router\RouteCollection->loadRoutes()
 5 SYSTEMPATH/CodeIgniter.php(441): CodeIgniter\CodeIgniter->tryToRouteIt(null)
 6 SYSTEMPATH/CodeIgniter.php(340): CodeIgniter\CodeIgniter->handleRequest(null, Object(Config\Cache), false)
 7 SYSTEMPATH/Boot.php(417): CodeIgniter\CodeIgniter->run()
 8 SYSTEMPATH/Boot.php(68): CodeIgniter\Boot::runCodeIgniter(Object(CodeIgniter\CodeIgniter))
 9 FCPATH/index.php(59): CodeIgniter\Boot::bootWeb(Object(Config\Paths))
10 SYSTEMPATH/rewrite.php(44): require_once('/opt/lampp/htdocs/S4/SysInf/ITU-S4-P18-PROJET-main/public/index.php')
DEBUG - 2026-05-12 10:25:33 --> Session: Class initialized using 'CodeIgniter\Session\Handlers\FileHandler' driver.
WARNING - 2026-05-12 10:25:33 --> [DEPRECATED] Passing lowercase HTTP method "get" is deprecated. Use uppercase HTTP method like "GET". in SYSTEMPATH/Router/RouteCollection.php on line 1026.
 1 SYSTEMPATH/Router/RouteCollection.php(1026): trigger_error('Passing lowercase HTTP method "get" is deprecated. Use uppercase HTTP method like "GET".', 16384)
 2 APPPATH/Config/Routes.php(12): CodeIgniter\Router\RouteCollection->match([...], 'objectifs/choose', 'ObjectifController::choose', [...])
 3 SYSTEMPATH/Router/RouteCollection.php(339): require('/opt/lampp/htdocs/S4/SysInf/ITU-S4-P18-PROJET-main/app/Config/Routes.php')
 4 SYSTEMPATH/CodeIgniter.php(818): CodeIgniter\Router\RouteCollection->loadRoutes()
 5 SYSTEMPATH/CodeIgniter.php(441): CodeIgniter\CodeIgniter->tryToRouteIt(null)
 6 SYSTEMPATH/CodeIgniter.php(340): CodeIgniter\CodeIgniter->handleRequest(null, Object(Config\Cache), false)
 7 SYSTEMPATH/Boot.php(417): CodeIgniter\CodeIgniter->run()
 8 SYSTEMPATH/Boot.php(68): CodeIgniter\Boot::runCodeIgniter(Object(CodeIgniter\CodeIgniter))
 9 FCPATH/index.php(59): CodeIgniter\Boot::bootWeb(Object(Config\Paths))
10 SYSTEMPATH/rewrite.php(44): require_once('/opt/lampp/htdocs/S4/SysInf/ITU-S4-P18-PROJET-main/public/index.php')
WARNING - 2026-05-12 10:25:33 --> [DEPRECATED] Passing lowercase HTTP method "post" is deprecated. Use uppercase HTTP method like "POST". in SYSTEMPATH/Router/RouteCollection.php on line 1026.
 1 SYSTEMPATH/Router/RouteCollection.php(1026): trigger_error('Passing lowercase HTTP method "post" is deprecated. Use uppercase HTTP method like "POST".', 16384)
 2 APPPATH/Config/Routes.php(12): CodeIgniter\Router\RouteCollection->match([...], 'objectifs/choose', 'ObjectifController::choose', [...])
 3 SYSTEMPATH/Router/RouteCollection.php(339): require('/opt/lampp/htdocs/S4/SysInf/ITU-S4-P18-PROJET-main/app/Config/Routes.php')
 4 SYSTEMPATH/CodeIgniter.php(818): CodeIgniter\Router\RouteCollection->loadRoutes()
 5 SYSTEMPATH/CodeIgniter.php(441): CodeIgniter\CodeIgniter->tryToRouteIt(null)
 6 SYSTEMPATH/CodeIgniter.php(340): CodeIgniter\CodeIgniter->handleRequest(null, Object(Config\Cache), false)
 7 SYSTEMPATH/Boot.php(417): CodeIgniter\CodeIgniter->run()
 8 SYSTEMPATH/Boot.php(68): CodeIgniter\Boot::runCodeIgniter(Object(CodeIgniter\CodeIgniter))
 9 FCPATH/index.php(59): CodeIgniter\Boot::bootWeb(Object(Config\Paths))
10 SYSTEMPATH/rewrite.php(44): require_once('/opt/lampp/htdocs/S4/SysInf/ITU-S4-P18-PROJET-main/public/index.php')
DEBUG - 2026-05-12 10:25:33 --> Session: Class initialized using 'CodeIgniter\Session\Handlers\FileHandler' driver.
WARNING - 2026-05-12 10:25:33 --> [DEPRECATED] Passing lowercase HTTP method "get" is deprecated. Use uppercase HTTP method like "GET". in SYSTEMPATH/Router/RouteCollection.php on line 1026.
 1 SYSTEMPATH/Router/RouteCollection.php(1026): trigger_error('Passing lowercase HTTP method "get" is deprecated. Use uppercase HTTP method like "GET".', 16384)
 2 APPPATH/Config/Routes.php(12): CodeIgniter\Router\RouteCollection->match([...], 'objectifs/choose', 'ObjectifController::choose', [...])
 3 SYSTEMPATH/Router/RouteCollection.php(339): require('/opt/lampp/htdocs/S4/SysInf/ITU-S4-P18-PROJET-main/app/Config/Routes.php')
 4 SYSTEMPATH/CodeIgniter.php(818): CodeIgniter\Router\RouteCollection->loadRoutes()
 5 SYSTEMPATH/CodeIgniter.php(441): CodeIgniter\CodeIgniter->tryToRouteIt(null)
 6 SYSTEMPATH/CodeIgniter.php(340): CodeIgniter\CodeIgniter->handleRequest(null, Object(Config\Cache), false)
 7 SYSTEMPATH/Boot.php(417): CodeIgniter\CodeIgniter->run()
 8 SYSTEMPATH/Boot.php(68): CodeIgniter\Boot::runCodeIgniter(Object(CodeIgniter\CodeIgniter))
 9 FCPATH/index.php(59): CodeIgniter\Boot::bootWeb(Object(Config\Paths))
10 SYSTEMPATH/rewrite.php(44): require_once('/opt/lampp/htdocs/S4/SysInf/ITU-S4-P18-PROJET-main/public/index.php')
WARNING - 2026-05-12 10:25:33 --> [DEPRECATED] Passing lowercase HTTP method "post" is deprecated. Use uppercase HTTP method like "POST". in SYSTEMPATH/Router/RouteCollection.php on line 1026.
 1 SYSTEMPATH/Router/RouteCollection.php(1026): trigger_error('Passing lowercase HTTP method "post" is deprecated. Use uppercase HTTP method like "POST".', 16384)
 2 APPPATH/Config/Routes.php(12): CodeIgniter\Router\RouteCollection->match([...], 'objectifs/choose', 'ObjectifController::choose', [...])
 3 SYSTEMPATH/Router/RouteCollection.php(339): require('/opt/lampp/htdocs/S4/SysInf/ITU-S4-P18-PROJET-main/app/Config/Routes.php')
 4 SYSTEMPATH/CodeIgniter.php(818): CodeIgniter\Router\RouteCollection->loadRoutes()
 5 SYSTEMPATH/CodeIgniter.php(441): CodeIgniter\CodeIgniter->tryToRouteIt(null)
 6 SYSTEMPATH/CodeIgniter.php(340): CodeIgniter\CodeIgniter->handleRequest(null, Object(Config\Cache), false)
 7 SYSTEMPATH/Boot.php(417): CodeIgniter\CodeIgniter->run()
 8 SYSTEMPATH/Boot.php(68): CodeIgniter\Boot::runCodeIgniter(Object(CodeIgniter\CodeIgniter))
 9 FCPATH/index.php(59): CodeIgniter\Boot::bootWeb(Object(Config\Paths))
10 SYSTEMPATH/rewrite.php(44): require_once('/opt/lampp/htdocs/S4/SysInf/ITU-S4-P18-PROJET-main/public/index.php')
DEBUG - 2026-05-12 10:25:33 --> Session: Class initialized using 'CodeIgniter\Session\Handlers\FileHandler' driver.
WARNING - 2026-05-12 10:25:33 --> [DEPRECATED] Passing lowercase HTTP method "get" is deprecated. Use uppercase HTTP method like "GET". in SYSTEMPATH/Router/RouteCollection.php on line 1026.
 1 SYSTEMPATH/Router/RouteCollection.php(1026): trigger_error('Passing lowercase HTTP method "get" is deprecated. Use uppercase HTTP method like "GET".', 16384)
 2 APPPATH/Config/Routes.php(12): CodeIgniter\Router\RouteCollection->match([...], 'objectifs/choose', 'ObjectifController::choose', [...])
 3 SYSTEMPATH/Router/RouteCollection.php(339): require('/opt/lampp/htdocs/S4/SysInf/ITU-S4-P18-PROJET-main/app/Config/Routes.php')
 4 SYSTEMPATH/CodeIgniter.php(818): CodeIgniter\Router\RouteCollection->loadRoutes()
 5 SYSTEMPATH/CodeIgniter.php(441): CodeIgniter\CodeIgniter->tryToRouteIt(null)
 6 SYSTEMPATH/CodeIgniter.php(340): CodeIgniter\CodeIgniter->handleRequest(null, Object(Config\Cache), false)
 7 SYSTEMPATH/Boot.php(417): CodeIgniter\CodeIgniter->run()
 8 SYSTEMPATH/Boot.php(68): CodeIgniter\Boot::runCodeIgniter(Object(CodeIgniter\CodeIgniter))
 9 FCPATH/index.php(59): CodeIgniter\Boot::bootWeb(Object(Config\Paths))
10 SYSTEMPATH/rewrite.php(44): require_once('/opt/lampp/htdocs/S4/SysInf/ITU-S4-P18-PROJET-main/public/index.php')
WARNING - 2026-05-12 10:25:33 --> [DEPRECATED] Passing lowercase HTTP method "post" is deprecated. Use uppercase HTTP method like "POST". in SYSTEMPATH/Router/RouteCollection.php on line 1026.
 1 SYSTEMPATH/Router/RouteCollection.php(1026): trigger_error('Passing lowercase HTTP method "post" is deprecated. Use uppercase HTTP method like "POST".', 16384)
 2 APPPATH/Config/Routes.php(12): CodeIgniter\Router\RouteCollection->match([...], 'objectifs/choose', 'ObjectifController::choose', [...])
 3 SYSTEMPATH/Router/RouteCollection.php(339): require('/opt/lampp/htdocs/S4/SysInf/ITU-S4-P18-PROJET-main/app/Config/Routes.php')
 4 SYSTEMPATH/CodeIgniter.php(818): CodeIgniter\Router\RouteCollection->loadRoutes()
 5 SYSTEMPATH/CodeIgniter.php(441): CodeIgniter\CodeIgniter->tryToRouteIt(null)
 6 SYSTEMPATH/CodeIgniter.php(340): CodeIgniter\CodeIgniter->handleRequest(null, Object(Config\Cache), false)
 7 SYSTEMPATH/Boot.php(417): CodeIgniter\CodeIgniter->run()
 8 SYSTEMPATH/Boot.php(68): CodeIgniter\Boot::runCodeIgniter(Object(CodeIgniter\CodeIgniter))
 9 FCPATH/index.php(59): CodeIgniter\Boot::bootWeb(Object(Config\Paths))
10 SYSTEMPATH/rewrite.php(44): require_once('/opt/lampp/htdocs/S4/SysInf/ITU-S4-P18-PROJET-main/public/index.php')
DEBUG - 2026-05-12 10:25:33 --> Session: Class initialized using 'CodeIgniter\Session\Handlers\FileHandler' driver.
WARNING - 2026-05-12 10:25:36 --> [DEPRECATED] Passing lowercase HTTP method "get" is deprecated. Use uppercase HTTP method like "GET". in SYSTEMPATH/Router/RouteCollection.php on line 1026.
 1 SYSTEMPATH/Router/RouteCollection.php(1026): trigger_error('Passing lowercase HTTP method "get" is deprecated. Use uppercase HTTP method like "GET".', 16384)
 2 APPPATH/Config/Routes.php(12): CodeIgniter\Router\RouteCollection->match([...], 'objectifs/choose', 'ObjectifController::choose', [...])
 3 SYSTEMPATH/Router/RouteCollection.php(339): require('/opt/lampp/htdocs/S4/SysInf/ITU-S4-P18-PROJET-main/app/Config/Routes.php')
 4 SYSTEMPATH/CodeIgniter.php(818): CodeIgniter\Router\RouteCollection->loadRoutes()
 5 SYSTEMPATH/CodeIgniter.php(441): CodeIgniter\CodeIgniter->tryToRouteIt(null)
 6 SYSTEMPATH/CodeIgniter.php(340): CodeIgniter\CodeIgniter->handleRequest(null, Object(Config\Cache), false)
 7 SYSTEMPATH/Boot.php(417): CodeIgniter\CodeIgniter->run()
 8 SYSTEMPATH/Boot.php(68): CodeIgniter\Boot::runCodeIgniter(Object(CodeIgniter\CodeIgniter))
 9 FCPATH/index.php(59): CodeIgniter\Boot::bootWeb(Object(Config\Paths))
10 SYSTEMPATH/rewrite.php(44): require_once('/opt/lampp/htdocs/S4/SysInf/ITU-S4-P18-PROJET-main/public/index.php')
WARNING - 2026-05-12 10:25:36 --> [DEPRECATED] Passing lowercase HTTP method "post" is deprecated. Use uppercase HTTP method like "POST". in SYSTEMPATH/Router/RouteCollection.php on line 1026.
 1 SYSTEMPATH/Router/RouteCollection.php(1026): trigger_error('Passing lowercase HTTP method "post" is deprecated. Use uppercase HTTP method like "POST".', 16384)
 2 APPPATH/Config/Routes.php(12): CodeIgniter\Router\RouteCollection->match([...], 'objectifs/choose', 'ObjectifController::choose', [...])
 3 SYSTEMPATH/Router/RouteCollection.php(339): require('/opt/lampp/htdocs/S4/SysInf/ITU-S4-P18-PROJET-main/app/Config/Routes.php')
 4 SYSTEMPATH/CodeIgniter.php(818): CodeIgniter\Router\RouteCollection->loadRoutes()
 5 SYSTEMPATH/CodeIgniter.php(441): CodeIgniter\CodeIgniter->tryToRouteIt(null)
 6 SYSTEMPATH/CodeIgniter.php(340): CodeIgniter\CodeIgniter->handleRequest(null, Object(Config\Cache), false)
 7 SYSTEMPATH/Boot.php(417): CodeIgniter\CodeIgniter->run()
 8 SYSTEMPATH/Boot.php(68): CodeIgniter\Boot::runCodeIgniter(Object(CodeIgniter\CodeIgniter))
 9 FCPATH/index.php(59): CodeIgniter\Boot::bootWeb(Object(Config\Paths))
10 SYSTEMPATH/rewrite.php(44): require_once('/opt/lampp/htdocs/S4/SysInf/ITU-S4-P18-PROJET-main/public/index.php')
DEBUG - 2026-05-12 10:25:36 --> Session: Class initialized using 'CodeIgniter\Session\Handlers\FileHandler' driver.
WARNING - 2026-05-12 10:29:13 --> [DEPRECATED] Passing lowercase HTTP method "get" is deprecated. Use uppercase HTTP method like "GET". in SYSTEMPATH/Router/RouteCollection.php on line 1026.
 1 SYSTEMPATH/Router/RouteCollection.php(1026): trigger_error('Passing lowercase HTTP method "get" is deprecated. Use uppercase HTTP method like "GET".', 16384)
 2 APPPATH/Config/Routes.php(12): CodeIgniter\Router\RouteCollection->match([...], 'objectifs/choose', 'ObjectifController::choose', [...])
 3 SYSTEMPATH/Router/RouteCollection.php(339): require('/opt/lampp/htdocs/S4/SysInf/ITU-S4-P18-PROJET-main/app/Config/Routes.php')
 4 SYSTEMPATH/CLI/Console.php(41): CodeIgniter\Router\RouteCollection->loadRoutes()
 5 SYSTEMPATH/Boot.php(442): CodeIgniter\CLI\Console->run()
 6 SYSTEMPATH/Boot.php(166): CodeIgniter\Boot::runCommand(Object(CodeIgniter\CLI\Console))
 7 ROOTPATH/spark(87): CodeIgniter\Boot::bootSpark(Object(Config\Paths))
WARNING - 2026-05-12 10:29:13 --> [DEPRECATED] Passing lowercase HTTP method "post" is deprecated. Use uppercase HTTP method like "POST". in SYSTEMPATH/Router/RouteCollection.php on line 1026.
 1 SYSTEMPATH/Router/RouteCollection.php(1026): trigger_error('Passing lowercase HTTP method "post" is deprecated. Use uppercase HTTP method like "POST".', 16384)
 2 APPPATH/Config/Routes.php(12): CodeIgniter\Router\RouteCollection->match([...], 'objectifs/choose', 'ObjectifController::choose', [...])
 3 SYSTEMPATH/Router/RouteCollection.php(339): require('/opt/lampp/htdocs/S4/SysInf/ITU-S4-P18-PROJET-main/app/Config/Routes.php')
 4 SYSTEMPATH/CLI/Console.php(41): CodeIgniter\Router\RouteCollection->loadRoutes()
 5 SYSTEMPATH/Boot.php(442): CodeIgniter\CLI\Console->run()
 6 SYSTEMPATH/Boot.php(166): CodeIgniter\Boot::runCommand(Object(CodeIgniter\CLI\Console))
 7 ROOTPATH/spark(87): CodeIgniter\Boot::bootSpark(Object(Config\Paths))
WARNING - 2026-05-12 10:29:18 --> [DEPRECATED] Passing lowercase HTTP method "get" is deprecated. Use uppercase HTTP method like "GET". in SYSTEMPATH/Router/RouteCollection.php on line 1026.
 1 SYSTEMPATH/Router/RouteCollection.php(1026): trigger_error('Passing lowercase HTTP method "get" is deprecated. Use uppercase HTTP method like "GET".', 16384)
 2 APPPATH/Config/Routes.php(12): CodeIgniter\Router\RouteCollection->match([...], 'objectifs/choose', 'ObjectifController::choose', [...])
 3 SYSTEMPATH/Router/RouteCollection.php(339): require('/opt/lampp/htdocs/S4/SysInf/ITU-S4-P18-PROJET-main/app/Config/Routes.php')
 4 SYSTEMPATH/CodeIgniter.php(818): CodeIgniter\Router\RouteCollection->loadRoutes()
 5 SYSTEMPATH/CodeIgniter.php(441): CodeIgniter\CodeIgniter->tryToRouteIt(null)
 6 SYSTEMPATH/CodeIgniter.php(340): CodeIgniter\CodeIgniter->handleRequest(null, Object(Config\Cache), false)
 7 SYSTEMPATH/Boot.php(417): CodeIgniter\CodeIgniter->run()
 8 SYSTEMPATH/Boot.php(68): CodeIgniter\Boot::runCodeIgniter(Object(CodeIgniter\CodeIgniter))
 9 FCPATH/index.php(59): CodeIgniter\Boot::bootWeb(Object(Config\Paths))
10 SYSTEMPATH/rewrite.php(44): require_once('/opt/lampp/htdocs/S4/SysInf/ITU-S4-P18-PROJET-main/public/index.php')
WARNING - 2026-05-12 10:29:18 --> [DEPRECATED] Passing lowercase HTTP method "post" is deprecated. Use uppercase HTTP method like "POST". in SYSTEMPATH/Router/RouteCollection.php on line 1026.
 1 SYSTEMPATH/Router/RouteCollection.php(1026): trigger_error('Passing lowercase HTTP method "post" is deprecated. Use uppercase HTTP method like "POST".', 16384)
 2 APPPATH/Config/Routes.php(12): CodeIgniter\Router\RouteCollection->match([...], 'objectifs/choose', 'ObjectifController::choose', [...])
 3 SYSTEMPATH/Router/RouteCollection.php(339): require('/opt/lampp/htdocs/S4/SysInf/ITU-S4-P18-PROJET-main/app/Config/Routes.php')
 4 SYSTEMPATH/CodeIgniter.php(818): CodeIgniter\Router\RouteCollection->loadRoutes()
 5 SYSTEMPATH/CodeIgniter.php(441): CodeIgniter\CodeIgniter->tryToRouteIt(null)
 6 SYSTEMPATH/CodeIgniter.php(340): CodeIgniter\CodeIgniter->handleRequest(null, Object(Config\Cache), false)
 7 SYSTEMPATH/Boot.php(417): CodeIgniter\CodeIgniter->run()
 8 SYSTEMPATH/Boot.php(68): CodeIgniter\Boot::runCodeIgniter(Object(CodeIgniter\CodeIgniter))
 9 FCPATH/index.php(59): CodeIgniter\Boot::bootWeb(Object(Config\Paths))
10 SYSTEMPATH/rewrite.php(44): require_once('/opt/lampp/htdocs/S4/SysInf/ITU-S4-P18-PROJET-main/public/index.php')
DEBUG - 2026-05-12 10:29:18 --> Session: Class initialized using 'CodeIgniter\Session\Handlers\FileHandler' driver.
WARNING - 2026-05-12 10:29:18 --> [DEPRECATED] Passing lowercase HTTP method "get" is deprecated. Use uppercase HTTP method like "GET". in SYSTEMPATH/Router/RouteCollection.php on line 1026.
 1 SYSTEMPATH/Router/RouteCollection.php(1026): trigger_error('Passing lowercase HTTP method "get" is deprecated. Use uppercase HTTP method like "GET".', 16384)
 2 APPPATH/Config/Routes.php(12): CodeIgniter\Router\RouteCollection->match([...], 'objectifs/choose', 'ObjectifController::choose', [...])
 3 SYSTEMPATH/Router/RouteCollection.php(339): require('/opt/lampp/htdocs/S4/SysInf/ITU-S4-P18-PROJET-main/app/Config/Routes.php')
 4 SYSTEMPATH/CodeIgniter.php(818): CodeIgniter\Router\RouteCollection->loadRoutes()
 5 SYSTEMPATH/CodeIgniter.php(441): CodeIgniter\CodeIgniter->tryToRouteIt(null)
 6 SYSTEMPATH/CodeIgniter.php(340): CodeIgniter\CodeIgniter->handleRequest(null, Object(Config\Cache), false)
 7 SYSTEMPATH/Boot.php(417): CodeIgniter\CodeIgniter->run()
 8 SYSTEMPATH/Boot.php(68): CodeIgniter\Boot::runCodeIgniter(Object(CodeIgniter\CodeIgniter))
 9 FCPATH/index.php(59): CodeIgniter\Boot::bootWeb(Object(Config\Paths))
10 SYSTEMPATH/rewrite.php(44): require_once('/opt/lampp/htdocs/S4/SysInf/ITU-S4-P18-PROJET-main/public/index.php')
WARNING - 2026-05-12 10:29:18 --> [DEPRECATED] Passing lowercase HTTP method "post" is deprecated. Use uppercase HTTP method like "POST". in SYSTEMPATH/Router/RouteCollection.php on line 1026.
 1 SYSTEMPATH/Router/RouteCollection.php(1026): trigger_error('Passing lowercase HTTP method "post" is deprecated. Use uppercase HTTP method like "POST".', 16384)
 2 APPPATH/Config/Routes.php(12): CodeIgniter\Router\RouteCollection->match([...], 'objectifs/choose', 'ObjectifController::choose', [...])
 3 SYSTEMPATH/Router/RouteCollection.php(339): require('/opt/lampp/htdocs/S4/SysInf/ITU-S4-P18-PROJET-main/app/Config/Routes.php')
 4 SYSTEMPATH/CodeIgniter.php(818): CodeIgniter\Router\RouteCollection->loadRoutes()
 5 SYSTEMPATH/CodeIgniter.php(441): CodeIgniter\CodeIgniter->tryToRouteIt(null)
 6 SYSTEMPATH/CodeIgniter.php(340): CodeIgniter\CodeIgniter->handleRequest(null, Object(Config\Cache), false)
 7 SYSTEMPATH/Boot.php(417): CodeIgniter\CodeIgniter->run()
 8 SYSTEMPATH/Boot.php(68): CodeIgniter\Boot::runCodeIgniter(Object(CodeIgniter\CodeIgniter))
 9 FCPATH/index.php(59): CodeIgniter\Boot::bootWeb(Object(Config\Paths))
10 SYSTEMPATH/rewrite.php(44): require_once('/opt/lampp/htdocs/S4/SysInf/ITU-S4-P18-PROJET-main/public/index.php')
DEBUG - 2026-05-12 10:29:18 --> Session: Class initialized using 'CodeIgniter\Session\Handlers\FileHandler' driver.
WARNING - 2026-05-12 10:29:41 --> [DEPRECATED] Passing lowercase HTTP method "get" is deprecated. Use uppercase HTTP method like "GET". in SYSTEMPATH/Router/RouteCollection.php on line 1026.
 1 SYSTEMPATH/Router/RouteCollection.php(1026): trigger_error('Passing lowercase HTTP method "get" is deprecated. Use uppercase HTTP method like "GET".', 16384)
 2 APPPATH/Config/Routes.php(12): CodeIgniter\Router\RouteCollection->match([...], 'objectifs/choose', 'ObjectifController::choose', [...])
 3 SYSTEMPATH/Router/RouteCollection.php(339): require('/opt/lampp/htdocs/S4/SysInf/ITU-S4-P18-PROJET-main/app/Config/Routes.php')
 4 SYSTEMPATH/CodeIgniter.php(818): CodeIgniter\Router\RouteCollection->loadRoutes()
 5 SYSTEMPATH/CodeIgniter.php(441): CodeIgniter\CodeIgniter->tryToRouteIt(null)
 6 SYSTEMPATH/CodeIgniter.php(340): CodeIgniter\CodeIgniter->handleRequest(null, Object(Config\Cache), false)
 7 SYSTEMPATH/Boot.php(417): CodeIgniter\CodeIgniter->run()
 8 SYSTEMPATH/Boot.php(68): CodeIgniter\Boot::runCodeIgniter(Object(CodeIgniter\CodeIgniter))
 9 FCPATH/index.php(59): CodeIgniter\Boot::bootWeb(Object(Config\Paths))
10 SYSTEMPATH/rewrite.php(44): require_once('/opt/lampp/htdocs/S4/SysInf/ITU-S4-P18-PROJET-main/public/index.php')
WARNING - 2026-05-12 10:29:41 --> [DEPRECATED] Passing lowercase HTTP method "post" is deprecated. Use uppercase HTTP method like "POST". in SYSTEMPATH/Router/RouteCollection.php on line 1026.
 1 SYSTEMPATH/Router/RouteCollection.php(1026): trigger_error('Passing lowercase HTTP method "post" is deprecated. Use uppercase HTTP method like "POST".', 16384)
 2 APPPATH/Config/Routes.php(12): CodeIgniter\Router\RouteCollection->match([...], 'objectifs/choose', 'ObjectifController::choose', [...])
 3 SYSTEMPATH/Router/RouteCollection.php(339): require('/opt/lampp/htdocs/S4/SysInf/ITU-S4-P18-PROJET-main/app/Config/Routes.php')
 4 SYSTEMPATH/CodeIgniter.php(818): CodeIgniter\Router\RouteCollection->loadRoutes()
 5 SYSTEMPATH/CodeIgniter.php(441): CodeIgniter\CodeIgniter->tryToRouteIt(null)
 6 SYSTEMPATH/CodeIgniter.php(340): CodeIgniter\CodeIgniter->handleRequest(null, Object(Config\Cache), false)
 7 SYSTEMPATH/Boot.php(417): CodeIgniter\CodeIgniter->run()
 8 SYSTEMPATH/Boot.php(68): CodeIgniter\Boot::runCodeIgniter(Object(CodeIgniter\CodeIgniter))
 9 FCPATH/index.php(59): CodeIgniter\Boot::bootWeb(Object(Config\Paths))
10 SYSTEMPATH/rewrite.php(44): require_once('/opt/lampp/htdocs/S4/SysInf/ITU-S4-P18-PROJET-main/public/index.php')
DEBUG - 2026-05-12 10:29:41 --> Session: Class initialized using 'CodeIgniter\Session\Handlers\FileHandler' driver.
WARNING - 2026-05-12 10:29:41 --> [DEPRECATED] Passing lowercase HTTP method "get" is deprecated. Use uppercase HTTP method like "GET". in SYSTEMPATH/Router/RouteCollection.php on line 1026.
 1 SYSTEMPATH/Router/RouteCollection.php(1026): trigger_error('Passing lowercase HTTP method "get" is deprecated. Use uppercase HTTP method like "GET".', 16384)
 2 APPPATH/Config/Routes.php(12): CodeIgniter\Router\RouteCollection->match([...], 'objectifs/choose', 'ObjectifController::choose', [...])
 3 SYSTEMPATH/Router/RouteCollection.php(339): require('/opt/lampp/htdocs/S4/SysInf/ITU-S4-P18-PROJET-main/app/Config/Routes.php')
 4 SYSTEMPATH/CodeIgniter.php(818): CodeIgniter\Router\RouteCollection->loadRoutes()
 5 SYSTEMPATH/CodeIgniter.php(441): CodeIgniter\CodeIgniter->tryToRouteIt(null)
 6 SYSTEMPATH/CodeIgniter.php(340): CodeIgniter\CodeIgniter->handleRequest(null, Object(Config\Cache), false)
 7 SYSTEMPATH/Boot.php(417): CodeIgniter\CodeIgniter->run()
 8 SYSTEMPATH/Boot.php(68): CodeIgniter\Boot::runCodeIgniter(Object(CodeIgniter\CodeIgniter))
 9 FCPATH/index.php(59): CodeIgniter\Boot::bootWeb(Object(Config\Paths))
10 SYSTEMPATH/rewrite.php(44): require_once('/opt/lampp/htdocs/S4/SysInf/ITU-S4-P18-PROJET-main/public/index.php')
WARNING - 2026-05-12 10:29:41 --> [DEPRECATED] Passing lowercase HTTP method "post" is deprecated. Use uppercase HTTP method like "POST". in SYSTEMPATH/Router/RouteCollection.php on line 1026.
 1 SYSTEMPATH/Router/RouteCollection.php(1026): trigger_error('Passing lowercase HTTP method "post" is deprecated. Use uppercase HTTP method like "POST".', 16384)
 2 APPPATH/Config/Routes.php(12): CodeIgniter\Router\RouteCollection->match([...], 'objectifs/choose', 'ObjectifController::choose', [...])
 3 SYSTEMPATH/Router/RouteCollection.php(339): require('/opt/lampp/htdocs/S4/SysInf/ITU-S4-P18-PROJET-main/app/Config/Routes.php')
 4 SYSTEMPATH/CodeIgniter.php(818): CodeIgniter\Router\RouteCollection->loadRoutes()
 5 SYSTEMPATH/CodeIgniter.php(441): CodeIgniter\CodeIgniter->tryToRouteIt(null)
 6 SYSTEMPATH/CodeIgniter.php(340): CodeIgniter\CodeIgniter->handleRequest(null, Object(Config\Cache), false)
 7 SYSTEMPATH/Boot.php(417): CodeIgniter\CodeIgniter->run()
 8 SYSTEMPATH/Boot.php(68): CodeIgniter\Boot::runCodeIgniter(Object(CodeIgniter\CodeIgniter))
 9 FCPATH/index.php(59): CodeIgniter\Boot::bootWeb(Object(Config\Paths))
10 SYSTEMPATH/rewrite.php(44): require_once('/opt/lampp/htdocs/S4/SysInf/ITU-S4-P18-PROJET-main/public/index.php')
WARNING - 2026-05-12 10:29:57 --> [DEPRECATED] Passing lowercase HTTP method "get" is deprecated. Use uppercase HTTP method like "GET". in SYSTEMPATH/Router/RouteCollection.php on line 1026.
 1 SYSTEMPATH/Router/RouteCollection.php(1026): trigger_error('Passing lowercase HTTP method "get" is deprecated. Use uppercase HTTP method like "GET".', 16384)
 2 APPPATH/Config/Routes.php(12): CodeIgniter\Router\RouteCollection->match([...], 'objectifs/choose', 'ObjectifController::choose', [...])
 3 SYSTEMPATH/Router/RouteCollection.php(339): require('/opt/lampp/htdocs/S4/SysInf/ITU-S4-P18-PROJET-main/app/Config/Routes.php')
 4 SYSTEMPATH/CodeIgniter.php(818): CodeIgniter\Router\RouteCollection->loadRoutes()
 5 SYSTEMPATH/CodeIgniter.php(441): CodeIgniter\CodeIgniter->tryToRouteIt(null)
 6 SYSTEMPATH/CodeIgniter.php(340): CodeIgniter\CodeIgniter->handleRequest(null, Object(Config\Cache), false)
 7 SYSTEMPATH/Boot.php(417): CodeIgniter\CodeIgniter->run()
 8 SYSTEMPATH/Boot.php(68): CodeIgniter\Boot::runCodeIgniter(Object(CodeIgniter\CodeIgniter))
 9 FCPATH/index.php(59): CodeIgniter\Boot::bootWeb(Object(Config\Paths))
10 SYSTEMPATH/rewrite.php(44): require_once('/opt/lampp/htdocs/S4/SysInf/ITU-S4-P18-PROJET-main/public/index.php')
WARNING - 2026-05-12 10:29:57 --> [DEPRECATED] Passing lowercase HTTP method "post" is deprecated. Use uppercase HTTP method like "POST". in SYSTEMPATH/Router/RouteCollection.php on line 1026.
 1 SYSTEMPATH/Router/RouteCollection.php(1026): trigger_error('Passing lowercase HTTP method "post" is deprecated. Use uppercase HTTP method like "POST".', 16384)
 2 APPPATH/Config/Routes.php(12): CodeIgniter\Router\RouteCollection->match([...], 'objectifs/choose', 'ObjectifController::choose', [...])
 3 SYSTEMPATH/Router/RouteCollection.php(339): require('/opt/lampp/htdocs/S4/SysInf/ITU-S4-P18-PROJET-main/app/Config/Routes.php')
 4 SYSTEMPATH/CodeIgniter.php(818): CodeIgniter\Router\RouteCollection->loadRoutes()
 5 SYSTEMPATH/CodeIgniter.php(441): CodeIgniter\CodeIgniter->tryToRouteIt(null)
 6 SYSTEMPATH/CodeIgniter.php(340): CodeIgniter\CodeIgniter->handleRequest(null, Object(Config\Cache), false)
 7 SYSTEMPATH/Boot.php(417): CodeIgniter\CodeIgniter->run()
 8 SYSTEMPATH/Boot.php(68): CodeIgniter\Boot::runCodeIgniter(Object(CodeIgniter\CodeIgniter))
 9 FCPATH/index.php(59): CodeIgniter\Boot::bootWeb(Object(Config\Paths))
10 SYSTEMPATH/rewrite.php(44): require_once('/opt/lampp/htdocs/S4/SysInf/ITU-S4-P18-PROJET-main/public/index.php')
WARNING - 2026-05-12 10:30:02 --> [DEPRECATED] Passing lowercase HTTP method "get" is deprecated. Use uppercase HTTP method like "GET". in SYSTEMPATH/Router/RouteCollection.php on line 1026.
 1 SYSTEMPATH/Router/RouteCollection.php(1026): trigger_error('Passing lowercase HTTP method "get" is deprecated. Use uppercase HTTP method like "GET".', 16384)
 2 APPPATH/Config/Routes.php(12): CodeIgniter\Router\RouteCollection->match([...], 'objectifs/choose', 'ObjectifController::choose', [...])
 3 SYSTEMPATH/Router/RouteCollection.php(339): require('/opt/lampp/htdocs/S4/SysInf/ITU-S4-P18-PROJET-main/app/Config/Routes.php')
 4 SYSTEMPATH/CodeIgniter.php(818): CodeIgniter\Router\RouteCollection->loadRoutes()
 5 SYSTEMPATH/CodeIgniter.php(441): CodeIgniter\CodeIgniter->tryToRouteIt(null)
 6 SYSTEMPATH/CodeIgniter.php(340): CodeIgniter\CodeIgniter->handleRequest(null, Object(Config\Cache), false)
 7 SYSTEMPATH/Boot.php(417): CodeIgniter\CodeIgniter->run()
 8 SYSTEMPATH/Boot.php(68): CodeIgniter\Boot::runCodeIgniter(Object(CodeIgniter\CodeIgniter))
 9 FCPATH/index.php(59): CodeIgniter\Boot::bootWeb(Object(Config\Paths))
10 SYSTEMPATH/rewrite.php(44): require_once('/opt/lampp/htdocs/S4/SysInf/ITU-S4-P18-PROJET-main/public/index.php')
WARNING - 2026-05-12 10:30:02 --> [DEPRECATED] Passing lowercase HTTP method "post" is deprecated. Use uppercase HTTP method like "POST". in SYSTEMPATH/Router/RouteCollection.php on line 1026.
 1 SYSTEMPATH/Router/RouteCollection.php(1026): trigger_error('Passing lowercase HTTP method "post" is deprecated. Use uppercase HTTP method like "POST".', 16384)
 2 APPPATH/Config/Routes.php(12): CodeIgniter\Router\RouteCollection->match([...], 'objectifs/choose', 'ObjectifController::choose', [...])
 3 SYSTEMPATH/Router/RouteCollection.php(339): require('/opt/lampp/htdocs/S4/SysInf/ITU-S4-P18-PROJET-main/app/Config/Routes.php')
 4 SYSTEMPATH/CodeIgniter.php(818): CodeIgniter\Router\RouteCollection->loadRoutes()
 5 SYSTEMPATH/CodeIgniter.php(441): CodeIgniter\CodeIgniter->tryToRouteIt(null)
 6 SYSTEMPATH/CodeIgniter.php(340): CodeIgniter\CodeIgniter->handleRequest(null, Object(Config\Cache), false)
 7 SYSTEMPATH/Boot.php(417): CodeIgniter\CodeIgniter->run()
 8 SYSTEMPATH/Boot.php(68): CodeIgniter\Boot::runCodeIgniter(Object(CodeIgniter\CodeIgniter))
 9 FCPATH/index.php(59): CodeIgniter\Boot::bootWeb(Object(Config\Paths))
10 SYSTEMPATH/rewrite.php(44): require_once('/opt/lampp/htdocs/S4/SysInf/ITU-S4-P18-PROJET-main/public/index.php')
